,종목코드,종목명,종류
0,종목코드,종목명,종류
1,060310,3S,KOSDAQ
2,095570,AJ네트웍스,KOSPI
3,068400,AJ렌터카,KOSPI
4,006840,AK홀딩스,KOSPI
5,054620,APS홀딩스,KOSDAQ
6,211270,AP위성,KOSDAQ
7,152100,ARIRANG 200,ETF
8,222170,ARIRANG S&P한국배당성장,ETF
9,161490,ARIRANG 경기방어주,ETF
10,161500,ARIRANG 경기주도주,ETF
11,161510,ARIRANG 고배당주,ETF
12,189400,ARIRANG 글로벌MSCI(합성 H),ETF
13,190160,ARIRANG 단기유동성,ETF
14,213630,ARIRANG 미국다우존스고배당주(합성 H),KOSPI
15,190150,ARIRANG 바벨 채권,ETF
16,195970,ARIRANG 선진국MSCI(합성 H),ETF
17,236460,ARIRANG 스마트베타 LowVOL,KOSPI
18,222190,ARIRANG 스마트베타 Momentum,ETF
19,222200,ARIRANG 스마트베타 Quality,ETF
20,222180,ARIRANG 스마트베타 Value,ETF
21,238670,ARIRANG 스마트베타Quality채권혼합,KOSPI
22,195980,ARIRANG 신흥국MSCI(합성 H),ETF
23,239660,ARIRANG 우량회사채50 1년,KOSPI
24,204420,ARIRANG 차이나H 레버리지(합성 H),KOSPI
25,227830,ARIRANG 코스피,KOSPI
26,141240,ARIRANG 코스피100동일가중,ETF
27,122090,ARIRANG 코스피50,ETF
28,027410,BGF리테일,KOSPI
29,138930,BNK금융지주,KOSPI
30,001460,BYC,KOSPI
31,001465,BYC우,KOSPI
32,032040,C&S자산관리,KOSDAQ
33,001040,CJ,KOSPI
34,079160,CJ CGV,KOSPI
35,130960,CJ E&M,KOSDAQ
36,000120,CJ대한통운,KOSPI
37,011150,CJ씨푸드,KOSPI
38,011155,CJ씨푸드1우,KOSPI
39,035760,CJ오쇼핑,KOSDAQ
40,001045,CJ우,KOSPI
41,097950,CJ제일제당,KOSPI
42,097955,CJ제일제당 우,KOSPI
43,051500,CJ프레시웨이,KOSDAQ
44,037560,CJ헬로비전,KOSPI
45,058820,CMG제약,KOSDAQ
46,023460,CNH,KOSDAQ
47,083660,CSA 코스믹,KOSDAQ
48,000590,CS홀딩스,KOSPI
49,DAX,DAX,INDEX
50,139130,DGB금융지주,KOSPI
51,068790,DMS,KOSDAQ
52,004840,DRB동일,KOSPI
53,241520,DSC인베스트먼트,KOSDAQ
54,155660,DSR,KOSPI
55,069730,DSR제강,KOSPI
56,009730,DS제강,KOSDAQ
57,017940,E1,KOSPI
58,037370,EG,KOSDAQ
59,079190,EMW,KOSDAQ
60,007700,F&F,KOSPI
61,FTSE,FTSE,INDEX
62,130500,GH신소재,KOSDAQ
63,114090,GKL,KOSPI
64,900290,GRT,KOSDAQ
65,078930,GS,KOSPI
66,083450,GST,KOSDAQ
67,006360,GS건설,KOSPI
68,001250,GS글로벌,KOSPI
69,007070,GS리테일,KOSPI
70,078935,GS우,KOSPI
71,028150,GS홈쇼핑,KOSDAQ
72,041590,GemTech,KOSDAQ
73,032800,G러닝,KOSDAQ
74,078150,HB테크놀러지,KOSDAQ
75,001500,HMC투자증권,KOSPI
76,036640,HRS,KOSDAQ
77,225430,IBKS제3호스팩,KOSDAQ
78,003560,IHQ,KOSPI
79,095340,ISC,KOSDAQ
80,099520,ITX엠투엠,KOSDAQ
81,175330,JB금융지주,KOSPI
82,234080,JW생명과학,KOSPI
83,067290,JW신약,KOSDAQ
84,001060,JW중외제약,KOSPI
85,001067,JW중외제약2우B,KOSPI
86,001065,JW중외제약우,KOSPI
87,096760,JW홀딩스,KOSPI
88,035900,JYP Ent.,KOSDAQ
89,148020,KBSTAR 200,ETF
90,105780,KBSTAR 5대그룹주,ETF
91,234310,KBSTAR V&S셀렉트밸류,KOSPI
92,241390,KBSTAR V&S셀렉트밸류채권혼합,KOSPI
93,114100,KBSTAR 국고채3년,ETF
94,196230,KBSTAR 단기통안채,ETF
95,219390,KBSTAR 미국S&P원유생산기업(합성 H),ETF
96,140570,KBSTAR 수출주,ETF
97,140580,KBSTAR 우량업종,ETF
98,196220,KBSTAR 일본TOPIX레버리지(H),ETF
99,183710,KBSTAR 주식혼합,ETF
100,174360,KBSTAR 중국본토대형주CSI100,ETF
101,136340,KBSTAR 중기우량회사채,ETF
102,183700,KBSTAR 채권혼합,ETF
103,105560,KB금융,KOSPI
104,002550,KB손해보험,KOSPI
105,024120,KB오토시스,KOSDAQ
106,021960,KB캐피탈,KOSPI
107,002380,KCC,KOSPI
108,021320,KCC건설,KOSDAQ
109,036670,KCI,KOSDAQ
110,009070,KCTC,KOSPI
111,009440,KC그린홀딩스,KOSPI
112,119650,KC코트렐,KOSPI
113,044180,KD건설,KOSDAQ
114,092220,KEC,KOSPI
115,109070,KGP,KOSPI
116,046440,KG모빌리언스,KOSDAQ
117,035600,KG이니시스,KOSDAQ
118,001390,KG케미칼,KOSPI
119,060720,KH바텍,KOSDAQ
120,105190,KINDEX 200,ETF
121,225130,KINDEX 골드선물 레버리지(합성 H),ETF
122,232590,KINDEX 골드선물 인버스2X(합성 H),KOSPI
123,190620,KINDEX 단기통안채,ETF
124,152500,KINDEX 레버리지,ETF
125,181480,KINDEX 미국다우존스리츠(합성 H),ETF
126,211260,KINDEX 배당성장,KOSPI
127,143460,KINDEX 밸류대형,ETF
128,131890,KINDEX 삼성그룹동일가중,ETF
129,108450,KINDEX 삼성그룹섹터가중,ETF
130,145670,KINDEX 인버스,ETF
131,238720,KINDEX 일본Nikkei225(H),KOSPI
132,196030,KINDEX 일본TOPIX레버리지(H),ETF
133,205720,KINDEX 일본TOPIX인버스(합성 H),KOSPI
134,168580,KINDEX 중국본토CSI300,ETF
135,219900,KINDEX 중국본토CSI300레버리지(합성),ETF
136,114460,KINDEX 중기국고채,ETF
137,227930,KINDEX 코스닥 150,ETF
138,234790,KINDEX 코스닥150 레버리지,KOSPI
139,226380,KINDEX 한류,ETF
140,001940,KISCO홀딩스,KOSPI
141,192530,KJB금융지주,KOSPI
142,083470,KJ프리텍,KOSDAQ
143,122450,KMH,KOSDAQ
144,058400,KNN,KOSDAQ
145,069500,KODEX 200,ETF
146,226980,KODEX 200 중소형,ETF
147,223190,KODEX 200가치저변동,ETF
148,099140,KODEX China H,ETF
149,204450,KODEX China H 레버리지(H),KOSPI
150,156080,KODEX KOREA MSCI,ETF
151,229720,KODEX KTOP30,ETF
152,117700,KODEX 건설,ETF
153,132030,KODEX 골드선물(H),ETF
154,138910,KODEX 구리선물(H),ETF
155,114260,KODEX 국고채3년,ETF
156,152380,KODEX 국채선물10년,ETF
157,176950,KODEX 국채선물10년인버스,ETF
158,102960,KODEX 기계장비,ETF
159,153130,KODEX 단기채권,ETF
160,200050,KODEX 독일MSCI(합성),ETF
161,122630,KODEX 레버리지,ETF
162,200020,KODEX 미국S&P IT(합성),ETF
163,219480,KODEX 미국S&P500선물(H),ETF
164,200040,KODEX 미국S&P금융(합성),ETF
165,185680,KODEX 미국S&P바이오(합성),ETF
166,200030,KODEX 미국S&P산업재(합성),ETF
167,218420,KODEX 미국S&P에너지(합성),ETF
168,091160,KODEX 반도체,ETF
169,211900,KODEX 배당성장,KOSPI
170,237370,KODEX 배당성장채권혼합,KOSPI
171,140700,KODEX 보험,ETF
172,102780,KODEX 삼성그룹,ETF
173,213610,KODEX 삼성그룹밸류,KOSPI
174,136280,KODEX 소비재,ETF
175,117460,KODEX 에너지화학,ETF
176,140710,KODEX 운송,ETF
177,144600,KODEX 은선물(H),ETF
178,091170,KODEX 은행,ETF
179,114800,KODEX 인버스,ETF
180,101280,KODEX 일본TOPIX100,ETF
181,091180,KODEX 자동차,ETF
182,169950,KODEX 중국본토 A50,ETF
183,102970,KODEX 증권,ETF
184,117680,KODEX 철강,ETF
185,229200,KODEX 코스닥 150,ETF
186,233740,KODEX 코스닥150 레버리지,KOSPI
187,226490,KODEX 코스피,ETF
188,237350,KODEX 코스피100,KOSPI
189,138920,KODEX 콩선물(H),ETF
190,KOSDAQ,KOSDAQ,INDEX
191,152280,KOSEF 200,ETF
192,069660,KOSEF 200,ETF
193,100910,KOSEF KRX100,ETF
194,104530,KOSEF 고배당,ETF
195,148070,KOSEF 국고채10년,ETF
196,167860,KOSEF 국고채10년레버리지,ETF
197,114470,KOSEF 국고채3년,ETF
198,130730,KOSEF 단기자금,ETF
199,138230,KOSEF 미국달러선물,ETF
200,225800,KOSEF 미국달러선물 레버리지(합성),ETF
201,230480,KOSEF 미국달러선물 인버스2X(합성),ETF
202,139660,KOSEF 미국달러선물인버스,ETF
203,104520,KOSEF 블루칩,ETF
204,200250,KOSEF 인도Nifty50(합성),ETF
205,153270,KOSEF 코스피100,ETF
206,122260,KOSEF 통안채1년,ETF
207,KOSPI,KOSPI,INDEX
208,083420,KPX그린케미칼,KOSPI
209,114450,KPX생명과학,KOSDAQ
210,025000,KPX케미칼,KOSPI
211,092230,KPX홀딩스,KOSPI
212,044450,KSS해운,KOSPI
213,030200,KT,KOSPI
214,033780,KT&G,KOSPI
215,030210,KTB투자증권,KOSPI
216,036030,KTH,KOSDAQ
217,168300,KTOP 코스피50,ETF
218,058850,KTcs,KOSPI
219,060370,KT서브마린,KOSDAQ
220,003550,LG,KOSPI
221,034220,LG디스플레이,KOSPI
222,001120,LG상사,KOSPI
223,068870,LG생명과학,KOSPI
224,068875,LG생명과학우,KOSPI
225,051900,LG생활건강,KOSPI
226,051905,LG생활건강우,KOSPI
227,003555,LG우,KOSPI
228,032640,LG유플러스,KOSPI
229,011070,LG이노텍,KOSPI
230,066570,LG전자,KOSPI
231,066575,LG전자우,KOSPI
232,093050,LG패션,KOSPI
233,108670,LG하우시스,KOSPI
234,108675,LG하우시스우,KOSPI
235,051910,LG화학,KOSPI
236,051915,LG화학우,KOSPI
237,079550,LIG넥스원,KOSPI
238,006260,LS,KOSPI
239,000680,LS네트웍스,KOSPI
240,010120,LS산전,KOSPI
241,229640,LS전선아시아,KOSPI
242,086960,MDS테크,KOSDAQ
243,023150,MH에탄올,KOSPI
244,065150,MP그룹,KOSDAQ
245,NASDAQ,NASDAQ,INDEX
246,160550,NEW,KOSDAQ
247,035420,NHN,KOSPI
248,104200,NHN벅스,KOSDAQ
249,181710,NHN엔터테인먼트,KOSPI
250,060250,NHN한국사이버결제,KOSDAQ
251,005940,NH투자증권,KOSPI
252,005945,NH투자증권우,KOSPI
253,034310,NICE,KOSPI
254,030190,NICE평가정보,KOSDAQ
255,NIKKEI,NIKKEI,INDEX
256,008260,NI스틸,KOSPI
257,004250,NPC,KOSPI
258,004255,NPC우,KOSPI
259,010060,OCI,KOSPI
260,024940,PN풍년,KOSDAQ
261,005490,POSCO,KOSPI
262,091340,S&K폴리텍,KOSDAQ
263,100840,S&TC,KOSPI
264,000040,S&T모터스,KOSPI
265,064960,S&T모티브,KOSPI
266,003570,S&T중공업,KOSPI
267,036530,S&T홀딩스,KOSPI
268,010950,S-Oil,KOSPI
269,010955,S-Oil우,KOSPI
270,950110,SBI액시즈,KOSDAQ
271,019550,SBI인베스트먼트,KOSDAQ
272,034120,SBS,KOSPI
273,101060,SBS미디어홀딩스,KOSPI
274,046140,SBS콘텐츠허브,KOSDAQ
275,036120,SCI평가정보,KOSDAQ
276,099220,SDN,KOSDAQ
277,036540,SFA반도체,KOSDAQ
278,040610,SG&G,KOSDAQ
279,049470,SGA,KOSDAQ
280,004060,SG세계물산,KOSPI
281,001380,SG충방,KOSPI
282,002360,SH에너지화학,KOSPI
283,009160,SIMPAC,KOSPI
284,090730,SIMPAC Metal,KOSDAQ
285,123700,SJM,KOSPI
286,025530,SJM홀딩스,KOSPI
287,034730,SK,KOSPI
288,207930,SK1호스팩,KOSDAQ
289,011790,SKC,KOSPI
290,057500,SKC 솔믹스,KOSDAQ
291,178920,SKC코오롱PI,KOSDAQ
292,018670,SK가스,KOSPI
293,001740,SK네트웍스,KOSPI
294,001745,SK네트웍스우,KOSPI
295,210980,SK디앤디,KOSPI
296,036490,SK머티리얼즈,KOSDAQ
297,052260,SK바이오랜드,KOSDAQ
298,03473K,SK우,KOSPI
299,096770,SK이노베이션,KOSPI
300,096775,SK이노베이션우,KOSPI
301,001510,SK증권,KOSPI
302,001515,SK증권우,KOSPI
303,066270,SK컴즈,KOSDAQ
304,006120,SK케미칼,KOSPI
305,006125,SK케미칼우,KOSPI
306,017670,SK텔레콤,KOSPI
307,000660,SK하이닉스,KOSPI
308,048550,SM C&C,KOSDAQ
309,208470,SMART 선진국MSCI World(합성 H),KOSPI
310,220130,SMART 중국본토 중소형 CSI500(합성 H),ETF
311,099440,SMEC,KOSDAQ
312,005610,SPC삼립,KOSPI
313,SSE,SSE,INDEX
314,011810,STX,KOSPI
315,071970,STX중공업,KOSPI
316,028670,STX팬오션,KOSPI
317,084870,TBH글로벌,KOSPI
318,002710,TCC동양,KOSPI
319,102110,TIGER 200,ETF
320,139260,TIGER 200 IT,ETF
321,139220,TIGER 200 건설,ETF
322,139290,TIGER 200 경기소비재,ETF
323,139270,TIGER 200 금융,ETF
324,227550,TIGER 200 산업재,ETF
325,227560,TIGER 200 생활소비재,ETF
326,139250,TIGER 200 에너지화학,ETF
327,139230,TIGER 200 중공업,ETF
328,139240,TIGER 200 철강소재,ETF
329,227540,TIGER 200 헬스케어,ETF
330,166400,TIGER 200커버드C,ETF
331,091210,TIGER KRX100,ETF
332,228820,TIGER KTOP30,ETF
333,138530,TIGER LG그룹+펀더멘털,ETF
334,217790,TIGER 가격조정,ETF
335,139280,TIGER 경기방어,ETF
336,237440,TIGER 경기방어채권혼합,KOSPI
337,160580,TIGER 구리실물,ETF
338,114820,TIGER 국채3년,ETF
339,139310,TIGER 금속선물(H),ETF
340,139320,TIGER 금은선물(H),ETF
341,137610,TIGER 농산물선물Enhanced(H),ETF
342,182490,TIGER 단기선진하이일드(합성 H),ETF
343,157450,TIGER 단기통안채,ETF
344,105010,TIGER 라틴35,ETF
345,123320,TIGER 레버리지,ETF
346,174350,TIGER 로우볼,ETF
347,147970,TIGER 모멘텀,ETF
348,182480,TIGER 미국MSCI리츠(합성 H),ETF
349,225040,TIGER 미국S&P500레버리지(합성 H),ETF
350,143850,TIGER 미국S&P500선물(H),ETF
351,225030,TIGER 미국S&P500선물인버스(H),ETF
352,133690,TIGER 미국나스닥100,ETF
353,203780,TIGER 미국나스닥바이오,KOSPI
354,228810,TIGER 미디어컨텐츠,ETF
355,091230,TIGER 반도체,ETF
356,098560,TIGER 방송통신,ETF
357,211560,TIGER 배당성장,KOSPI
358,170350,TIGER 베타플러스,ETF
359,138520,TIGER 삼성그룹펀더멘털,ETF
360,152180,TIGER 생활필수품,ETF
361,157490,TIGER 소프트웨어,ETF
362,228800,TIGER 여행레저,ETF
363,227570,TIGER 우량가치,ETF
364,130680,TIGER 원유선물Enhanced(H),ETF
365,217770,TIGER 원유선물인버스(H),ETF
366,195930,TIGER 유로스탁스50(합성 H),ETF
367,225050,TIGER 유로스탁스레버리지(합성 H),ETF
368,091220,TIGER 은행,ETF
369,225060,TIGER 이머징마켓MSCI레버리지(합성 H),ETF
370,123310,TIGER 인버스,ETF
371,195920,TIGER 일본TOPIX(합성 H),ETF
372,241180,TIGER 일본니케이225,KOSPI
373,157510,TIGER 자동차,ETF
374,150460,TIGER 중국소비테마,ETF
375,157500,TIGER 증권,ETF
376,192090,TIGER 차이나CSI300,ETF
377,204480,TIGER 차이나CSI300레버리지(합성),KOSPI
378,217780,TIGER 차이나CSI300인버스(합성),ETF
379,117690,TIGER 차이나항셍25,ETF
380,232080,TIGER 코스닥150,ETF
381,233160,TIGER 코스닥150 레버리지,KOSPI
382,210780,TIGER 코스피고배당,KOSPI
383,143860,TIGER 헬스케어,ETF
384,138540,TIGER 현대차그룹+펀더멘털,ETF
385,228790,TIGER 화장품,ETF
386,157520,TIGER 화학,ETF
387,032540,TJ미디어,KOSDAQ
388,048770,TPC,KOSDAQ
389,108590,TREX 200,ETF
390,097750,TREX 중소형가치,ETF
391,145850,TREX 펀더멘탈 200,ETF
392,570005,TRUE 목표변동성20 코스피선물 ETN,ETF
393,570003,TRUE 빅5 동일가중 ETN,ETF
394,570007,TRUE 위안화 중국5년국채 ETN,ETF
395,570004,TRUE 인버스 유로스탁스50 ETN(H),ETF
396,570006,TRUE 인버스 차이나H ETN(H),ETF
397,011000,VGX인터,KOSPI
398,024070,WISCOM,KOSPI
399,052300,W홀딩컴퍼니,KOSDAQ
400,037270,YG PLUS,KOSPI
401,040300,YTN,KOSDAQ
402,051390,YW,KOSDAQ
403,580004,able KQ Monthly Best 11 ETN,ETF
404,580003,able Monthly Best 11 ETN,ETF
405,580005,able 우량주 Monthly Best 11 ETN,ETF
406,052220,iMBC,KOSDAQ
407,550016,octo 건설 TOP5 ETN,ETF
408,550006,octo 내수소비 TOP5 ETN,ETF
409,550004,octo 롱숏 K150 매수 로우볼 매도 ETN,ETF
410,550014,octo 바이오 TOP5 ETN,ETF
411,550008,octo 소프트웨어 TOP5 ETN,ETF
412,550003,octo 스마트리밸런싱 250/3 ETN,ETF
413,550005,octo 에너지 TOP5 ETN,ETF
414,550010,octo 운송 TOP5 ETN,ETF
415,550012,octo 의료 TOP5 ETN,ETF
416,550011,octo 자동차 TOP5 ETN,ETF
417,550015,octo 제약 TOP5 ETN,ETF
418,550007,octo 조선 TOP5 ETN,ETF
419,550009,octo 하드웨어 TOP5 ETN,ETF
420,550013,octo 화학 TOP5 ETN,ETF
421,079940,가비아,KOSDAQ
422,078890,가온미디어,KOSDAQ
423,000500,가온전선,KOSPI
424,192410,감마누,KOSDAQ
425,024840,갑을메탈,KOSDAQ
426,000860,강남제비스코,KOSPI
427,217730,강스템바이오텍,KOSDAQ
428,035250,강원랜드,KOSPI
429,011420,갤럭시아에스엠,KOSPI
430,094480,갤럭시아컴즈,KOSDAQ
431,063080,게임빌,KOSDAQ
432,041140,게임하이,KOSDAQ
433,039240,경남스틸,KOSDAQ
434,053950,경남제약,KOSDAQ
435,002100,경농,KOSPI
436,012320,경동가스,KOSPI
437,009450,경동나비엔,KOSPI
438,011040,경동제약,KOSDAQ
439,000050,경방,KOSPI
440,214390,경보제약,KOSPI
441,012610,경인양행,KOSPI
442,009140,경인전자,KOSPI
443,024910,경창산업,KOSDAQ
444,013580,계룡건설,KOSPI
445,012200,계양전기,KOSPI
446,012205,계양전기우,KOSPI
447,004200,고려개발,KOSPI
448,089890,고려반도체,KOSDAQ
449,002140,고려산업,KOSPI
450,049720,고려신용정보,KOSDAQ
451,010130,고려아연,KOSPI
452,002240,고려제강,KOSPI
453,014570,고려제약,KOSDAQ
454,098460,고영,KOSDAQ
455,038530,골드퍼시픽,KOSDAQ
456,206660,골든브릿지제2호스팩,KOSDAQ
457,219580,골든브릿지제3호스팩,KOSDAQ
458,001290,골든브릿지증권,KOSPI
459,900280,골든센츄리,KOSDAQ
460,215000,골프존,KOSDAQ
461,121440,골프존뉴딘,KOSDAQ
462,009290,광동제약,KOSPI
463,014200,광림,KOSDAQ
464,017040,광명전기,KOSPI
465,017900,광전자,KOSPI
466,037710,광주신세계,KOSPI
467,026910,광진실업,KOSDAQ
468,090150,광진윈텍,KOSDAQ
469,223040,교보5호스팩,KOSDAQ
470,030610,교보증권,KOSPI
471,053270,구영테크,KOSDAQ
472,007690,국도화학,KOSPI
473,005320,국동,KOSPI
474,001140,국보,KOSPI
475,066620,국보디자인,KOSDAQ
476,043650,국순당,KOSDAQ
477,006050,국영지앤엠,KOSDAQ
478,060480,국일신동,KOSDAQ
479,078130,국일제지,KOSDAQ
480,002720,국제약품,KOSPI
481,019010,그랜드백화점,KOSDAQ
482,014530,극동유화,KOSPI
483,900070,글로벌에스엠,KOSDAQ
484,019660,글로본,KOSDAQ
485,014280,금강공업,KOSPI
486,014285,금강공업우,KOSPI
487,053260,금강철강,KOSDAQ
488,008870,금비,KOSPI
489,001570,금양,KOSPI
490,002990,금호산업,KOSPI
491,002995,금호산업우,KOSPI
492,011780,금호석유,KOSPI
493,011785,금호석유우,KOSPI
494,214330,금호에이치티,KOSPI
495,001210,금호전기,KOSPI
496,010050,금호종금,KOSPI
497,073240,금호타이어,KOSPI
498,036190,금화피에스시,KOSDAQ
499,049080,기가레인,KOSDAQ
500,035460,기산텔레콤,KOSDAQ
501,092440,기신정기,KOSPI
502,000270,기아차,KOSPI
503,024110,기업은행,KOSPI
504,013700,까뮤이앤씨,KOSPI
505,004540,깨끗한나라,KOSPI
506,004545,깨끗한나라우,KOSPI
507,187790,나노,KOSDAQ
508,121600,나노신소재,KOSDAQ
509,039860,나노엔텍,KOSDAQ
510,091970,나노캠텍,KOSDAQ
511,051490,나라엠앤디,KOSDAQ
512,007460,나라케이아이씨,KOSPI
513,190510,나무가,KOSDAQ
514,089600,나스미디어,KOSDAQ
515,138610,나이벡,KOSDAQ
516,130580,나이스디앤비,KOSDAQ
517,036800,나이스정보통신,KOSDAQ
518,008350,남선알미늄,KOSPI
519,008355,남선알미우,KOSPI
520,004270,남성,KOSPI
521,003920,남양유업,KOSPI
522,003925,남양유업우,KOSPI
523,002070,남영비비안,KOSPI
524,025860,남해화학,KOSPI
525,091590,남화토건,KOSDAQ
526,168330,내츄럴엔도텍,KOSDAQ
527,072770,네오디안테크놀로지,KOSDAQ
528,212560,네오오토,KOSDAQ
529,095660,네오위즈,KOSDAQ
530,042420,네오위즈홀딩스,KOSDAQ
531,085910,네오티스,KOSDAQ
532,092730,네오팜,KOSDAQ
533,101400,네오피델리티,KOSDAQ
534,153460,네이블,KOSDAQ
535,007390,네이처셀,KOSDAQ
536,033640,네패스,KOSDAQ
537,087730,네패스신소재,KOSDAQ
538,005720,넥센,KOSPI
539,005725,넥센우,KOSPI
540,002350,넥센타이어,KOSPI
541,002355,넥센타이어1우B,KOSPI
542,073070,넥센테크,KOSDAQ
543,110570,넥솔론,KOSPI
544,081970,넥스지,KOSDAQ
545,089140,넥스턴,KOSDAQ
546,065170,넥스트BT,KOSDAQ
547,139670,넥스트리밍,KOSDAQ
548,051980,넥스트바이오홀딩스,KOSDAQ
549,137940,넥스트아이,KOSDAQ
550,092600,넥스트칩,KOSDAQ
551,090350,노루페인트,KOSPI
552,090355,노루페인트우,KOSPI
553,000320,노루홀딩스,KOSPI
554,000327,노루홀딩스2우B,KOSPI
555,000325,노루홀딩스우,KOSPI
556,006280,녹십자,KOSPI
557,144510,녹십자랩셀,KOSDAQ
558,031390,녹십자셀,KOSDAQ
559,142280,녹십자엠에스,KOSDAQ
560,005250,녹십자홀딩스,KOSPI
561,005255,녹십자홀딩스1우,KOSPI
562,005257,녹십자홀딩스2우,KOSPI
563,004370,농심,KOSPI
564,072710,농심홀딩스,KOSPI
565,054050,농우바이오,KOSDAQ
566,040160,누리텔레콤,KOSDAQ
567,069140,누리플랜,KOSDAQ
568,126870,뉴로스,KOSDAQ
569,060260,뉴보텍,KOSDAQ
570,012340,뉴인텍,KOSDAQ
571,222040,뉴트리바이오텍,KOSDAQ
572,144960,뉴파워프라즈마,KOSDAQ
573,900100,뉴프라이드,KOSDAQ
574,085670,뉴프렉스,KOSDAQ
575,053290,능률교육,KOSDAQ
576,222810,닉스테크,KOSDAQ
577,119860,다나와,KOSDAQ
578,064260,다날,KOSDAQ
579,093640,다믈멀티미디어,KOSDAQ
580,039560,다산네트웍스,KOSDAQ
581,023590,다우기술,KOSPI
582,032190,다우데이타,KOSDAQ
583,020120,다우인큐브,KOSPI
584,DJI,다우존스,INDEX
585,068240,다원시스,KOSDAQ
586,015590,대경기계,KOSPI
587,019680,대교,KOSPI
588,019685,대교우B,KOSPI
589,006370,대구백화점,KOSPI
590,004130,대덕GDS,KOSPI
591,004135,대덕GDS우,KOSPI
592,008060,대덕전자,KOSPI
593,000490,대동공업,KOSPI
594,020400,대동금속,KOSDAQ
595,008830,대동기어,KOSDAQ
596,048470,대동스틸,KOSDAQ
597,008110,대동전자,KOSPI
598,004780,대륙제관,KOSDAQ
599,005750,대림B&Co,KOSPI
600,000210,대림산업,KOSPI
601,000215,대림산업우,KOSPI
602,004440,대림씨엔에스,KOSPI
603,017650,대림제지,KOSDAQ
604,006570,대림통상,KOSPI
605,007720,대명코퍼레이션,KOSDAQ
606,078140,대봉엘에스,KOSDAQ
607,001680,대상,KOSPI
608,001689,대상3우B,KOSPI
609,001685,대상우,KOSPI
610,084690,대상홀딩스,KOSPI
611,084695,대상홀딩스우,KOSPI
612,036480,대성미생물,KOSDAQ
613,128820,대성산업,KOSPI
614,117580,대성에너지,KOSPI
615,027830,대성창투,KOSDAQ
616,104040,대성파인텍,KOSDAQ
617,005620,대성합동지주,KOSPI
618,016710,대성홀딩스,KOSPI
619,020180,대신정보통신,KOSDAQ
620,003540,대신증권,KOSPI
621,003547,대신증권2우B,KOSPI
622,003545,대신증권우,KOSPI
623,045390,대아티아이,KOSDAQ
624,009190,대양금속,KOSPI
625,108380,대양전기공업,KOSDAQ
626,006580,대양제지,KOSDAQ
627,014160,대영포장,KOSPI
628,520003,대우 원자재 선물 ETN(H),ETF
629,520002,대우 차이나 대표주 15 ETN(H),ETF
630,047040,대우건설,KOSPI
631,009320,대우부품,KOSPI
632,204440,대우스팩2호,KOSDAQ
633,215580,대우스팩3호,KOSDAQ
634,042660,대우조선해양,KOSPI
635,003090,대웅,KOSPI
636,069620,대웅제약,KOSPI
637,000430,대원강업,KOSPI
638,048910,대원미디어,KOSDAQ
639,005710,대원산업,KOSDAQ
640,006340,대원전선,KOSPI
641,006345,대원전선우,KOSPI
642,003220,대원제약,KOSPI
643,024890,대원화성,KOSPI
644,002880,대유에이텍,KOSPI
645,071460,대유위니아,KOSDAQ
646,000300,대유플러스,KOSPI
647,120240,대정화금,KOSDAQ
648,003310,대주산업,KOSDAQ
649,078600,대주전자재료,KOSDAQ
650,065690,대진디엠피,KOSDAQ
651,012800,대창,KOSPI
652,015230,대창단조,KOSPI
653,096350,대창솔루션,KOSDAQ
654,140520,대창스틸,KOSDAQ
655,131220,대한과학,KOSDAQ
656,010170,대한광통신,KOSDAQ
657,054670,대한뉴팜,KOSDAQ
658,001070,대한방직,KOSPI
659,023910,대한약품,KOSDAQ
660,006650,대한유화,KOSPI
661,084010,대한제강,KOSPI
662,001790,대한제당,KOSPI
663,001799,대한제당3우B,KOSPI
664,001795,대한제당우,KOSPI
665,001130,대한제분,KOSPI
666,003490,대한항공,KOSPI
667,003495,대한항공우,KOSPI
668,005880,대한해운,KOSPI
669,003830,대한화섬,KOSPI
670,016090,대현,KOSPI
671,069460,대호에이엘,KOSPI
672,021040,대호피앤씨,KOSDAQ
673,021045,대호피앤씨우,KOSDAQ
674,067080,대화제약,KOSDAQ
675,192080,더블유게임즈,KOSDAQ
676,012510,더존비즈온,KOSPI
677,213420,덕산네오룩스,KOSDAQ
678,077360,덕산하이메탈,KOSDAQ
679,004830,덕성,KOSPI
680,004835,덕성우,KOSPI
681,090410,덕신하우징,KOSDAQ
682,024900,덕양산업,KOSPI
683,194480,데브시스터즈,KOSDAQ
684,017680,데코네티션,KOSDAQ
685,206560,덱스터,KOSDAQ
686,067990,도이치모터스,KOSDAQ
687,002150,도화엔지니어링,KOSPI
688,100130,동국S&C,KOSDAQ
689,005160,동국산업,KOSDAQ
690,001620,동국실업,KOSPI
691,075970,동국알앤에스,KOSDAQ
692,001230,동국제강,KOSPI
693,086450,동국제약,KOSDAQ
694,023450,동남합성,KOSPI
695,004140,동방,KOSPI
696,099410,동방선기,KOSDAQ
697,007590,동방아그로,KOSPI
698,012030,동부,KOSPI
699,005960,동부건설,KOSPI
700,005965,동부건설우,KOSPI
701,045890,동부라이텍,KOSDAQ
702,226440,동부스팩3호,KOSDAQ
703,230490,동부제4호스팩,KOSDAQ
704,016380,동부제철,KOSPI
705,016385,동부제철우,KOSPI
706,016610,동부증권,KOSPI
707,000990,동부하이텍,KOSPI
708,000995,동부하이텍1우,KOSPI
709,005830,동부화재,KOSPI
710,083350,동북아10호,KOSPI
711,083360,동북아11호,KOSPI
712,083370,동북아12호,KOSPI
713,083380,동북아13호,KOSPI
714,083390,동북아14호,KOSPI
715,026960,동서,KOSDAQ
716,002210,동성제약,KOSPI
717,102260,동성코퍼레이션,KOSPI
718,033500,동성화인텍,KOSDAQ
719,005190,동성화학,KOSPI
720,025950,동신건설,KOSDAQ
721,000640,동아쏘시오홀딩스,KOSPI
722,058730,동아에스텍,KOSPI
723,170900,동아에스티,KOSPI
724,088130,동아엘텍,KOSDAQ
725,028100,동아지질,KOSPI
726,007340,동아타이어,KOSPI
727,041930,동아화성,KOSDAQ
728,001520,동양,KOSPI
729,001527,동양2우B,KOSPI
730,001529,동양3우B,KOSPI
731,084670,동양고속,KOSPI
732,030790,동양네트웍스,KOSPI
733,002900,동양물산,KOSPI
734,082640,동양생명,KOSPI
735,060380,동양에스텍,KOSDAQ
736,001525,동양우,KOSPI
737,079960,동양이엔피,KOSDAQ
738,003470,동양증권,KOSPI
739,003475,동양증권1우,KOSPI
740,008970,동양철관,KOSPI
741,228340,동양파일,KOSDAQ
742,104460,동양피엔에프,KOSDAQ
743,088910,동우팜투테이블,KOSDAQ
744,094170,동운아나텍,KOSDAQ
745,003580,동원,KOSPI
746,049770,동원F&B,KOSPI
747,013120,동원개발,KOSDAQ
748,018500,동원금속,KOSPI
749,006040,동원산업,KOSPI
750,030720,동원수산,KOSPI
751,014820,동원시스템즈,KOSPI
752,014825,동원시스템즈우,KOSPI
753,163560,동일고무벨트,KOSPI
754,109860,동일금속,KOSDAQ
755,032960,동일기연,KOSDAQ
756,001530,동일방직,KOSPI
757,004890,동일산업,KOSPI
758,002690,동일제강,KOSPI
759,023790,동일철강,KOSDAQ
760,005290,동진쎄미켐,KOSDAQ
761,000020,동화약품,KOSPI
762,025900,동화홀딩스,KOSDAQ
763,000150,두산,KOSPI
764,000157,두산2우B,KOSPI
765,011160,두산건설,KOSPI
766,241560,두산밥캣,KOSPI
767,082740,두산엔진,KOSPI
768,000155,두산우,KOSPI
769,042670,두산인프라코어,KOSPI
770,034020,두산중공업,KOSPI
771,016740,두올,KOSPI
772,078590,두올산업,KOSDAQ
773,073190,듀오백코리아,KOSDAQ
774,030350,드래곤플라이,KOSDAQ
775,203650,드림시큐리티,KOSDAQ
776,066670,디스플레이텍,KOSDAQ
777,024090,디씨엠,KOSPI
778,003160,디아이,KOSPI
779,092200,디아이씨,KOSPI
780,214680,디알텍,KOSDAQ
781,109740,디에스케이,KOSDAQ
782,090710,디에스티로봇,KOSDAQ
783,196490,디에이테크놀로지,KOSDAQ
784,066900,디에이피,KOSDAQ
785,127120,디엔에이링크,KOSDAQ
786,092070,디엔에프,KOSDAQ
787,101000,디엠씨,KOSDAQ
788,134580,디엠티,KOSDAQ
789,039840,디오,KOSDAQ
790,013570,디와이,KOSPI
791,210540,디와이파워,KOSPI
792,079810,디이엔티,KOSDAQ
793,113810,디젠스,KOSDAQ
794,043360,디지아이,KOSDAQ
795,115450,디지탈아리아,KOSDAQ
796,106520,디지탈옵틱,KOSDAQ
797,068930,디지털대성,KOSDAQ
798,033130,디지틀조선,KOSDAQ
799,033310,디케이디앤아이,KOSDAQ
800,105740,디케이락,KOSDAQ
801,187220,디티앤씨,KOSDAQ
802,026890,디피씨,KOSPI
803,131180,딜리,KOSDAQ
804,042510,라온시큐어,KOSDAQ
805,050120,라이브플렉스,KOSDAQ
806,171120,라이온켐텍,KOSDAQ
807,069540,라이트론,KOSDAQ
808,115390,락앤락,KOSPI
809,171010,램테크놀러지,KOSDAQ
810,084650,랩지노믹스,KOSDAQ
811,141080,레고켐바이오,KOSDAQ
812,060300,레드로버,KOSDAQ
813,038390,레드캡투어,KOSDAQ
814,228850,레이언스,KOSDAQ
815,047440,레이젠,KOSDAQ
816,238120,로고스바이오,KOSDAQ
817,090360,로보스타,KOSDAQ
818,900260,로스웰,KOSDAQ
819,016170,로엔,KOSDAQ
820,067730,로지시스,KOSDAQ
821,071280,로체시스템즈,KOSDAQ
822,032350,롯데관광개발,KOSPI
823,000400,롯데손해보험,KOSPI
824,023530,롯데쇼핑,KOSPI
825,004000,롯데정밀화학,KOSPI
826,004990,롯데제과,KOSPI
827,005300,롯데칠성,KOSPI
828,005305,롯데칠성우,KOSPI
829,011170,롯데케미칼,KOSPI
830,002270,롯데푸드,KOSPI
831,071840,롯데하이마트,KOSPI
832,038060,루멘스,KOSDAQ
833,082800,루미마이크로,KOSDAQ
834,085370,루트로닉,KOSDAQ
835,060240,룽투코리아,KOSDAQ
836,058470,리노공업,KOSDAQ
837,039980,리노스,KOSDAQ
838,016100,리더스코스메틱,KOSDAQ
839,197210,리드,KOSDAQ
840,012700,리드코프,KOSDAQ
841,079430,리바트,KOSPI
842,042500,링네트,KOSDAQ
843,027740,마니커,KOSPI
844,137930,마이다스 200커버드콜,ETF
845,098120,마이크로컨텍솔,KOSDAQ
846,147760,마이크로프랜드,KOSDAQ
847,159800,마이티 코스피100,ETF
848,211210,마이티 코스피고배당,KOSPI
849,035480,마제스타,KOSDAQ
850,038290,마크로젠,KOSDAQ
851,060980,만도,KOSPI
852,204320,만도,KOSPI
853,001080,만호제강,KOSPI
854,005990,매일유업,KOSDAQ
855,127160,매직마이크로,KOSDAQ
856,093520,매커스,KOSDAQ
857,141070,맥스로텍,KOSDAQ
858,088980,맥쿼리인프라,KOSPI
859,094800,맵스리얼티1,KOSPI
860,067280,멀티캠퍼스,KOSDAQ
861,072870,메가스터디,KOSDAQ
862,215200,메가스터디교육,KOSDAQ
863,133750,메가엠디,KOSDAQ
864,041920,메디아나,KOSDAQ
865,086900,메디톡스,KOSDAQ
866,078160,메디포스트,KOSDAQ
867,065650,메디프론,KOSDAQ
868,138040,메리츠금융지주,KOSPI
869,008560,메리츠종금증권,KOSPI
870,000060,메리츠화재,KOSPI
871,021880,메이슨캐피탈,KOSDAQ
872,140410,메지온,KOSDAQ
873,059210,메타바이오메드,KOSDAQ
874,058110,멕아이씨에스,KOSDAQ
875,096640,멜파스,KOSDAQ
876,017180,명문제약,KOSPI
877,012690,모나리자,KOSPI
878,005360,모나미,KOSPI
879,149940,모다,KOSDAQ
880,080420,모다이노칩,KOSDAQ
881,080160,모두투어,KOSDAQ
882,204210,모두투어리츠,KOSPI
883,100030,모바일리더,KOSDAQ
884,101330,모베이스,KOSDAQ
885,033200,모아텍,KOSDAQ
886,009680,모토닉,KOSPI
887,006920,모헨즈,KOSDAQ
888,009580,무림P&P,KOSPI
889,001810,무림SP,KOSDAQ
890,009200,무림페이퍼,KOSPI
891,033920,무학,KOSPI
892,008420,문배철강,KOSPI
893,161570,미동앤씨네마,KOSDAQ
894,095500,미래나노텍,KOSDAQ
895,025560,미래산업,KOSPI
896,007120,미래아이앤지,KOSPI
897,006800,미래에셋대우,KOSPI
898,006805,미래에셋대우우,KOSPI
899,085620,미래에셋생명,KOSPI
900,215750,미래에셋제3호스팩,KOSDAQ
901,037620,미래에셋증권,KOSPI
902,049950,미래컴퍼니,KOSDAQ
903,213090,미래테크놀로지,KOSDAQ
904,207760,미스터블루,KOSDAQ
905,002840,미원상사,KOSPI
906,107590,미원에스씨,KOSPI
907,134380,미원화학,KOSPI
908,003650,미창석유,KOSPI
909,201490,미투온,KOSDAQ
910,214180,민앤지,KOSDAQ
911,155900,바다로19호,KOSPI
912,206640,바디텍메드,KOSDAQ
913,018700,바른손,KOSDAQ
914,064520,바른전자,KOSDAQ
915,053030,바이넥스,KOSDAQ
916,084990,바이로메드,KOSDAQ
917,064550,바이오니아,KOSDAQ
918,208710,바이오로그디바이스,KOSDAQ
919,142760,바이오리더스,KOSDAQ
920,065940,바이오빌,KOSDAQ
921,038460,바이오스마트,KOSDAQ
922,041830,바이오스페이스,KOSDAQ
923,086040,바이오톡스텍,KOSDAQ
924,032980,바이온,KOSDAQ
925,043150,바텍,KOSDAQ
926,003610,방림,KOSPI
927,001340,백광산업,KOSPI
928,014580,백광소재,KOSPI
929,046310,백금T&A,KOSDAQ
930,035150,백산,KOSPI
931,036620,버추얼텍,KOSDAQ
932,177350,베셀,KOSDAQ
933,096300,베트남개발1,KOSPI
934,007210,벽산,KOSPI
935,225530,보광산업,KOSDAQ
936,002760,보락,KOSPI
937,014100,보령메디앙스,KOSDAQ
938,003850,보령제약,KOSPI
939,004740,보루네오,KOSPI
940,006910,보성파워텍,KOSDAQ
941,026260,보타바이오,KOSDAQ
942,000890,보해양조,KOSPI
943,003000,부광약품,KOSPI
944,001270,부국증권,KOSPI
945,001275,부국증권우,KOSPI
946,026940,부국철강,KOSPI
947,014470,부방,KOSDAQ
948,015350,부산가스,KOSPI
949,011390,부산산업,KOSPI
950,005030,부산주공,KOSPI
951,008470,부스타,KOSDAQ
952,100120,뷰웍스,KOSDAQ
953,066980,브레인콘텐츠,KOSDAQ
954,064480,브리지텍,KOSDAQ
955,033560,블루콤,KOSDAQ
956,100220,비상교육,KOSPI
957,200780,비씨월드제약,KOSDAQ
958,141000,비아트론,KOSDAQ
959,090460,비에이치,KOSDAQ
960,083650,비에이치아이,KOSDAQ
961,058370,비엔씨컴퍼니,KOSDAQ
962,086670,비엠티,KOSDAQ
963,054220,비츠로시스,KOSDAQ
964,042370,비츠로테크,KOSDAQ
965,032850,비트컴퓨터,KOSDAQ
966,032680,비티씨정보,KOSDAQ
967,032685,비티씨정보우,KOSDAQ
968,093190,빅솔론,KOSDAQ
969,065450,빅텍,KOSDAQ
970,005180,빙그레,KOSPI
971,072950,빛샘전자,KOSDAQ
972,143240,사람인에이치알,KOSDAQ
973,003960,사조대림,KOSPI
974,008040,사조동아원,KOSPI
975,007160,사조산업,KOSPI
976,014710,사조씨푸드,KOSPI
977,006090,사조오양,KOSPI
978,079660,사조해표,KOSPI
979,123260,사파이어테크놀로지,KOSDAQ
980,100090,삼강엠앤티,KOSDAQ
981,005090,삼광글라스,KOSPI
982,122350,삼기오토모티브,KOSDAQ
983,014970,삼륭물산,KOSDAQ
984,018310,삼목에스폼,KOSDAQ
985,053700,삼보모터스,KOSDAQ
986,009620,삼보산업,KOSDAQ
987,023600,삼보판지,KOSDAQ
988,111870,삼본정밀전자,KOSDAQ
989,001470,삼부토건,KOSPI
990,530010,삼성 건축자재 테마주 ETN,ETF
991,530007,삼성 레저 테마주 ETN,ETF
992,530003,삼성 모멘텀 탑픽 ETN,ETF
993,530008,삼성 미디어 테마주 ETN,ETF
994,530005,삼성 바이오 테마주 ETN,ETF
995,530011,삼성 온라인쇼핑 테마주 ETN,ETF
996,530006,삼성 음식료 테마주 ETN,ETF
997,530002,삼성 인버스 China A50 선물 ETN(H),ETF
998,530009,삼성 증권 테마주 ETN,ETF
999,530004,삼성 화장품 테마주 ETN,ETF
1000,530012,삼성 화학 테마주 ETN,ETF
1001,006400,삼성SDI,KOSPI
1002,006405,삼성SDI우,KOSPI
1003,006660,삼성공조,KOSPI
1004,028260,삼성물산,KOSPI
1005,02826K,삼성물산우B,KOSPI
1006,207940,삼성바이오로직스,KOSPI
1007,032830,삼성생명,KOSPI
1008,018260,삼성에스디에스,KOSPI
1009,028050,삼성엔지니어링,KOSPI
1010,009150,삼성전기,KOSPI
1011,009155,삼성전기우,KOSPI
1012,005930,삼성전자,KOSPI
1013,005935,삼성전자우,KOSPI
1014,001360,삼성제약,KOSPI
1015,010140,삼성중공업,KOSPI
1016,010145,삼성중공우,KOSPI
1017,016360,삼성증권,KOSPI
1018,068290,삼성출판사,KOSPI
1019,029780,삼성카드,KOSPI
1020,000810,삼성화재,KOSPI
1021,000815,삼성화재우,KOSPI
1022,006110,삼아알미늄,KOSPI
1023,009300,삼아제약,KOSDAQ
1024,145990,삼양사,KOSPI
1025,145995,삼양사우,KOSPI
1026,003230,삼양식품,KOSPI
1027,002170,삼양통상,KOSPI
1028,000070,삼양홀딩스,KOSPI
1029,000075,삼양홀딩스우,KOSPI
1030,002810,삼영무역,KOSPI
1031,054540,삼영엠텍,KOSDAQ
1032,065570,삼영이엔씨,KOSDAQ
1033,005680,삼영전자,KOSPI
1034,003720,삼영화학,KOSPI
1035,023000,삼원강재,KOSPI
1036,073640,삼원테크,KOSDAQ
1037,004380,삼익THK,KOSPI
1038,002450,삼익악기,KOSPI
1039,032280,삼일,KOSDAQ
1040,002290,삼일기업공사,KOSDAQ
1041,000520,삼일제약,KOSPI
1042,009770,삼정펄프,KOSPI
1043,037460,삼지전자,KOSDAQ
1044,032750,삼진,KOSDAQ
1045,054090,삼진엘앤디,KOSDAQ
1046,005500,삼진제약,KOSPI
1047,000250,삼천당제약,KOSDAQ
1048,004690,삼천리,KOSPIchart_algscore_cumulative'
1049,024950,삼천리자전거,KOSDAQ
1050,038500,삼표시멘트,KOSDAQ
1051,017480,삼현철강,KOSDAQ
1052,001880,삼호,KOSPI
1053,010960,삼호개발,KOSPI
1054,046390,삼화네트웍스,KOSDAQ
1055,004450,삼화왕관,KOSPI
1056,009470,삼화전기,KOSPI
1057,011230,삼화전자,KOSPI
1058,001820,삼화콘덴서,KOSPI
1059,000390,삼화페인트,KOSPI
1060,027580,상보,KOSDAQ
1061,041650,상신브레이크,KOSPI
1062,091580,상신이디피,KOSDAQ
1063,089980,상아프론테크,KOSDAQ
1064,042600,새로닉스,KOSDAQ
1065,075180,새론오토모티브,KOSPI
1066,007540,샘표,KOSPI
1067,248170,샘표식품,KOSPI
1068,065620,샤인,KOSDAQ
1069,038070,서린바이오,KOSDAQ
1070,006730,서부T&D,KOSDAQ
1071,079650,서산,KOSDAQ
1072,100660,서암기계공업,KOSDAQ
1073,200880,서연이화,KOSPI
1074,012860,서연전자,KOSDAQ
1075,019770,서연탑메탈,KOSDAQ
1076,017390,서울가스,KOSPI
1077,046890,서울반도체,KOSDAQ
1078,004410,서울식품,KOSPI
1079,004415,서울식품우,KOSPI
1080,063170,서울옥션,KOSDAQ
1081,027040,서울전자통신,KOSDAQ
1082,018680,서울제약,KOSDAQ
1083,021050,서원,KOSPI
1084,093920,서원인텍,KOSDAQ
1085,189860,서전기전,KOSDAQ
1086,122690,서진오토모티브,KOSDAQ
1087,011370,서한,KOSDAQ
1088,065710,서호전기,KOSDAQ
1089,033790,서화정보통신,KOSDAQ
1090,008490,서흥캅셀,KOSPI
1091,035890,서희건설,KOSDAQ
1092,003100,선광,KOSDAQ
1093,065560,선도소프트,KOSDAQ
1094,007610,선도전기,KOSPI
1095,FUT,선물,INDEX
1096,136490,선진,KOSPI
1097,002820,선창산업,KOSPI
1098,014620,성광벤드,KOSDAQ
1099,037350,성도이엔지,KOSDAQ
1100,014910,성문전자,KOSPI
1101,014915,성문전자우,KOSPI
1102,003080,성보화학,KOSPI
1103,004980,성신양회,KOSPI
1104,004987,성신양회2우B,KOSPI
1105,004989,성신양회3우B,KOSPI
1106,004985,성신양회우,KOSPI
1107,011300,성안,KOSPI
1108,081580,성우전자,KOSDAQ
1109,045300,성우테크론,KOSDAQ
1110,015750,성우하이텍,KOSDAQ
1111,005980,성지건설,KOSPI
1112,000180,성창기업지주,KOSPI
1113,080470,성창오토텍,KOSDAQ
1114,043260,성호전자,KOSDAQ
1115,002420,세기상사,KOSPI
1116,053060,세동,KOSDAQ
1117,017510,세명전기,KOSDAQ
1118,004360,세방,KOSPI
1119,004365,세방우,KOSPI
1120,004490,세방전지,KOSPI
1121,011560,세보엠이씨,KOSDAQ
1122,001430,세아베스틸,KOSPI
1123,003030,세아제강,KOSPI
1124,019440,세아특수강,KOSPI
1125,058650,세아홀딩스,KOSPI
1126,013000,세우글로벌,KOSPI
1127,100700,세운메디칼,KOSDAQ
1128,024830,세원물산,KOSDAQ
1129,091090,세원셀론텍,KOSPI
1130,021820,세원정공,KOSPI
1131,067830,세이브존I&C,KOSPI
1132,033530,세종공업,KOSPI
1133,036630,세종텔레콤,KOSDAQ
1134,039310,세중,KOSDAQ
1135,075580,세진중공업,KOSPI
1136,067770,세진티에스,KOSDAQ
1137,053450,세코닉스,KOSDAQ
1138,027970,세하,KOSPI
1139,049180,셀루메드,KOSDAQ
1140,108860,셀바스AI,KOSDAQ
1141,208370,셀바스헬스케어,KOSDAQ
1142,068270,셀트리온,KOSDAQ
1143,068760,셀트리온제약,KOSDAQ
1144,053110,소리바다,KOSDAQ
1145,066910,손오공,KOSDAQ
1146,154040,솔루에타,KOSDAQ
1147,035610,솔본,KOSDAQ
1148,036830,솔브레인,KOSDAQ
1149,004430,송원산업,KOSPI
1150,086980,쇼박스,KOSDAQ
1151,050960,수산아이앤티,KOSDAQ
1152,017550,수산중공업,KOSPI
1153,084180,수성,KOSDAQ
1154,002200,수출포장,KOSPI
1155,236200,슈프리마,KOSDAQ
1156,094840,슈프리마에이치큐,KOSDAQ
1157,192440,슈피겐코리아,KOSDAQ
1158,053210,스카이라이프,KOSPI
1159,159910,스킨앤스킨,KOSDAQ
1160,115570,스타플렉스,KOSDAQ
1161,087220,스틸플라워,KOSDAQ
1162,013810,스페코,KOSDAQ
1163,039670,스포츠서울,KOSDAQ
1164,049830,승일,KOSDAQ
1165,020710,시공테크,KOSDAQ
1166,033170,시그네틱스,KOSDAQ
1167,025320,시노펙스,KOSDAQ
1168,131090,시큐브,KOSDAQ
1169,016590,신대양제지,KOSPI
1170,029530,신도리코,KOSPI
1171,004970,신라교역,KOSPI
1172,001000,신라섬유,KOSDAQ
1173,025870,신라에스지,KOSDAQ
1174,215600,신라젠,KOSDAQ
1175,065350,신성델타테크,KOSDAQ
1176,011930,신성이엔지,KOSPI
1177,005390,신성통상,KOSPI
1178,004170,신세계,KOSPI
1179,035510,신세계 I&C,KOSPI
1180,034300,신세계건설,KOSPI
1181,031430,신세계인터내셔날,KOSPI
1182,031440,신세계푸드,KOSPI
1183,006880,신송홀딩스,KOSPI
1184,086830,신양오라컴,KOSDAQ
1185,225590,신영스팩2호,KOSDAQ
1186,005800,신영와코루,KOSPI
1187,001720,신영증권,KOSPI
1188,001725,신영증권우,KOSPI
1189,009270,신원,KOSPI
1190,009275,신원우,KOSPI
1191,017000,신원종합개발,KOSDAQ
1192,002700,신일산업,KOSPI
1193,012790,신일제약,KOSDAQ
1194,138070,신진에스엠,KOSDAQ
1195,019170,신풍제약,KOSPI
1196,019175,신풍제약우,KOSPI
1197,002870,신풍제지,KOSPI
1198,005450,신한,KOSPI
1199,500015,신한 WTI원유 선물 ETN(H),ETF
1200,500016,신한 금 선물 ETN(H),ETF
1201,500009,신한 다우존스지수 선물 ETN(H),ETF
1202,500011,신한 달러인덱스 선물 ETN(H),ETF
1203,500013,신한 옥수수 선물 ETN(H),ETF
1204,500017,신한 은 선물 ETN(H),ETF
1205,500003,신한 인버스 WTI원유 선물 ETN(H),ETF
1206,500008,신한 인버스 구리 선물 ETN(H),ETF
1207,500006,신한 인버스 금 선물 ETN(H),ETF
1208,500010,신한 인버스 다우존스지수 선물 ETN(H),ETF
1209,500012,신한 인버스 달러인덱스 선물 ETN(H),ETF
1210,500005,신한 인버스 브렌트원유 선물 ETN(H),ETF
1211,500014,신한 인버스 옥수수 선물 ETN(H),ETF
1212,500007,신한 인버스 은 선물 ETN(H),ETF
1213,055550,신한지주,KOSPI
1214,001770,신화실업,KOSPI
1215,056700,신화인터텍,KOSDAQ
1216,187270,신화콘텍,KOSDAQ
1217,004080,신흥,KOSPI
1218,108320,실리콘웍스,KOSDAQ
1219,222800,심텍,KOSDAQ
1220,036710,심텍홀딩스,KOSDAQ
1221,160980,싸이맥스,KOSDAQ
1222,102280,쌍방울,KOSPI
1223,047400,쌍용머티리얼,KOSPI
1224,003410,쌍용양회,KOSPI
1225,003419,쌍용양회3우B,KOSPI
1226,003415,쌍용양회우,KOSPI
1227,010280,쌍용정보통신,KOSDAQ
1228,003620,쌍용차,KOSPI
1229,004770,써니전자,KOSPI
1230,122800,썬텍,KOSDAQ
1231,208640,썸에이지,KOSDAQ
1232,222420,쎄노텍,KOSDAQ
1233,037760,쎄니트,KOSDAQ
1234,136510,쎄미시스코,KOSDAQ
1235,099320,쎄트렉아이,KOSDAQ
1236,049960,쎌바이오텍,KOSDAQ
1237,050890,쏠리드,KOSDAQ
1238,099830,씨그널엔터테인먼트그룹,KOSDAQ
1239,066790,씨씨에스,KOSDAQ
1240,222080,씨아이에스,KOSDAQ
1241,004920,씨아이테크,KOSPI
1242,112610,씨에스윈드,KOSPI
1243,115530,씨엔플러스,KOSDAQ
1244,225330,씨엠에스에듀,KOSDAQ
1245,115480,씨유메디칼,KOSDAQ
1246,096530,씨젠,KOSDAQ
1247,101240,씨큐브,KOSDAQ
1248,060590,씨티씨바이오,KOSDAQ
1249,036170,씨티엘,KOSDAQ
1250,013990,아가방컴퍼니,KOSDAQ
1251,123860,아나패스,KOSDAQ
1252,008700,아남전자,KOSPI
1253,058220,아리온,KOSDAQ
1254,002790,아모레G,KOSPI
1255,002795,아모레G우,KOSPI
1256,090430,아모레퍼시픽,KOSPI
1257,090435,아모레퍼시픽우,KOSPI
1258,052710,아모텍,KOSDAQ
1259,074430,아미노로직스,KOSDAQ
1260,092040,아미코젠,KOSDAQ
1261,083930,아바코,KOSDAQ
1262,149950,아바텍,KOSDAQ
1263,090370,아비스타,KOSPI
1264,036010,아비코전자,KOSDAQ
1265,183190,아세아시멘트,KOSPI
1266,002030,아세아시멘트,KOSPI
1267,002310,아세아제지,KOSPI
1268,050860,아세아텍,KOSDAQ
1269,067390,아스트,KOSDAQ
1270,083570,아시아10호,KOSPI
1271,083580,아시아11호,KOSPI
1272,083590,아시아12호,KOSPI
1273,083600,아시아13호,KOSPI
1274,083610,아시아14호,KOSPI
1275,083620,아시아15호,KOSPI
1276,127710,아시아경제,KOSDAQ
1277,020560,아시아나항공,KOSPI
1278,143160,아이디스,KOSDAQ
1279,054800,아이디스홀딩스,KOSDAQ
1280,060570,아이리버,KOSDAQ
1281,122900,아이마켓코리아,KOSPI
1282,099190,아이센스,KOSDAQ
1283,214430,아이쓰리시스템,KOSDAQ
1284,040910,아이씨디,KOSDAQ
1285,068940,아이씨케이,KOSDAQ
1286,052860,아이앤씨,KOSDAQ
1287,010780,아이에스동서,KOSPI
1288,069920,아이에스이커머스,KOSDAQ
1289,038880,아이에이,KOSDAQ
1290,101390,아이엠,KOSDAQ
1291,226350,아이엠텍,KOSDAQ
1292,078860,아이오케이,KOSDAQ
1293,114810,아이원스,KOSDAQ
1294,031310,아이즈비전,KOSDAQ
1295,139050,아이지스시스템,KOSDAQ
1296,185490,아이진,KOSDAQ
1297,059100,아이컴포넌트,KOSDAQ
1298,039570,아이콘트롤스,KOSPI
1299,052460,아이크래프트,KOSDAQ
1300,089530,아이테스트,KOSDAQ
1301,119830,아이텍반도체,KOSDAQ
1302,124500,아이티센,KOSDAQ
1303,033660,아주캐피탈,KOSPI
1304,032080,아즈텍WB,KOSDAQ
1305,013310,아진산업,KOSDAQ
1306,059120,아진엑스텍,KOSDAQ
1307,023890,아트라스BX,KOSDAQ
1308,101140,아티스,KOSPI
1309,067160,아프리카TV,KOSDAQ
1310,001540,안국약품,KOSDAQ
1311,053800,안랩,KOSDAQ
1312,065660,안트로젠,KOSDAQ
1313,001780,알루코,KOSPI
1314,002250,알보젠코리아,KOSPI
1315,096610,알에프세미,KOSDAQ
1316,061040,알에프텍,KOSDAQ
1317,148250,알엔투테크놀로지,KOSDAQ
1318,196170,알테오젠,KOSDAQ
1319,123750,알톤스포츠,KOSDAQ
1320,085810,알티캐스트,KOSDAQ
1321,007630,암니스,KOSPI
1322,161000,애경유화,KOSPI
1323,196300,애니젠,KOSDAQ
1324,205500,액션스퀘어,KOSDAQ
1325,052790,액토즈소프트,KOSDAQ
1326,131400,액트,KOSDAQ
1327,238090,앤디포스,KOSDAQ
1328,030960,양지사,KOSDAQ
1329,102120,어보브반도체,KOSDAQ
1330,019990,에너토크,KOSDAQ
1331,011090,에넥스,KOSPI
1332,025980,에머슨퍼시픽,KOSDAQ
1333,041440,에버다임,KOSDAQ
1334,038680,에스넷,KOSDAQ
1335,121890,에스디시스템,KOSDAQ
1336,030270,에스마크,KOSDAQ
1337,097780,에스맥,KOSDAQ
1338,042110,에스씨디,KOSDAQ
1339,065420,에스아이리소스,KOSDAQ
1340,050320,에스아이티글로벌,KOSDAQ
1341,103230,에스앤더블류,KOSDAQ
1342,900080,에스앤씨엔진그룹,KOSDAQ
1343,101490,에스앤에스텍,KOSDAQ
1344,095910,에스에너지,KOSDAQ
1345,036500,에스에스컴텍,KOSDAQ
1346,031330,에스에이엠티,KOSDAQ
1347,060540,에스에이티,KOSDAQ
1348,112240,에스에프씨,KOSDAQ
1349,056190,에스에프에이,KOSDAQ
1350,080000,에스엔유,KOSDAQ
1351,160600,에스엔텍,KOSDAQ
1352,005850,에스엘,KOSPI
1353,041510,에스엠,KOSDAQ
1354,007820,에스엠코어,KOSDAQ
1355,109610,에스와이패널,KOSDAQ
1356,012750,에스원,KOSPI
1357,114570,에스이티아이,KOSDAQ
1358,096630,에스코넥,KOSDAQ
1359,069510,에스텍,KOSDAQ
1360,041910,에스텍파마,KOSDAQ
1361,039440,에스티아이,KOSDAQ
1362,098660,에스티오,KOSDAQ
1363,052020,에스티큐브,KOSDAQ
1364,237690,에스티팜,KOSDAQ
1365,050760,에스폴리텍,KOSDAQ
1366,058610,에스피지,KOSDAQ
1367,043340,에쎈테크,KOSDAQ
1368,023960,에쓰씨엔지니어링,KOSPI
1369,054630,에이디칩스,KOSDAQ
1370,200710,에이디테크놀로지,KOSDAQ
1371,078520,에이블씨엔씨,KOSPI
1372,003800,에이스침대,KOSDAQ
1373,088800,에이스테크,KOSDAQ
1374,138360,에이씨티,KOSDAQ
1375,015260,에이엔피,KOSPI
1376,072990,에이치시티,KOSDAQ
1377,176440,에이치엔티,KOSDAQ
1378,028300,에이치엘비,KOSDAQ
1379,067630,에이치엘비생명과학,KOSDAQ
1380,239610,에이치엘사이언스,KOSDAQ
1381,226340,에이치엠씨3호스팩,KOSDAQ
1382,044780,에이치케이,KOSDAQ
1383,071670,에이테크솔루션,KOSDAQ
1384,045660,에이텍,KOSDAQ
1385,224110,에이텍티앤,KOSDAQ
1386,021080,에이티넘인베스트,KOSDAQ
1387,182400,에이티젠,KOSDAQ
1388,109960,에이프로젠 H&G,KOSDAQ
1389,003060,에이프로젠제약,KOSPI
1390,043580,에임하이,KOSDAQ
1391,214870,에치디프로,KOSDAQ
1392,230360,에코마케팅,KOSDAQ
1393,038870,에코바이오,KOSDAQ
1394,086520,에코프로,KOSDAQ
1395,038110,에코플라스틱,KOSDAQ
1396,073540,에프알텍,KOSDAQ
1397,036810,에프에스티,KOSDAQ
1398,063440,에프엔씨애드컬쳐,KOSDAQ
1399,173940,에프엔씨엔터,KOSDAQ
1400,065160,에프티이앤이,KOSDAQ
1401,054940,엑사이엔씨,KOSDAQ
1402,950130,엑세스바이오(Reg.S),KOSDAQ
1403,205100,엑셈,KOSDAQ
1404,092870,엑시콘,KOSDAQ
1405,067570,엔브이에이치코리아,KOSDAQ
1406,036570,엔씨소프트,KOSPI
1407,217820,엔에스,KOSDAQ
1408,031860,엔에스엔,KOSDAQ
1409,207720,엔에이치SL스팩,KOSDAQ
1410,198440,엔에이치스팩3호,KOSDAQ
1411,215790,엔에이치스팩5호,KOSDAQ
1412,217810,엔에이치스팩7호,KOSDAQ
1413,218410,엔에이치스팩8호,KOSDAQ
1414,225570,엔에이치스팩9호,KOSDAQ
1415,208860,엔지스테크널러지,KOSDAQ
1416,085310,엔케이,KOSPI
1417,009810,엔케이물산,KOSPI
1418,206400,엔터메이트,KOSDAQ
1419,069410,엔텔스,KOSDAQ
1420,068150,엔티피아,KOSDAQ
1421,048830,엔피케이,KOSDAQ
1422,096870,엘디티,KOSDAQ
1423,061970,엘비세미콘,KOSDAQ
1424,138690,엘아이에스,KOSDAQ
1425,066970,엘앤에프,KOSDAQ
1426,156100,엘앤케이바이오,KOSDAQ
1427,073110,엘엠에스,KOSDAQ
1428,083310,엘오티베큠,KOSDAQ
1429,170920,엘티씨,KOSDAQ
1430,058630,엠게임,KOSDAQ
1431,019590,엠벤처투자,KOSDAQ
1432,097520,엠씨넥스,KOSDAQ
1433,009780,엠에스씨,KOSDAQ
1434,123040,엠에스오토텍,KOSDAQ
1435,180400,엠지메드,KOSDAQ
1436,033160,엠케이전자,KOSDAQ
1437,069640,엠케이트렌드,KOSPI
1438,115960,연우,KOSDAQ
1439,090740,연이정보통신,KOSDAQ
1440,014440,영보화학,KOSPI
1441,007530,영신금속,KOSDAQ
1442,143540,영우디에스피,KOSDAQ
1443,111770,영원무역,KOSPI
1444,009970,영원무역홀딩스,KOSPI
1445,036180,영인프런티어,KOSDAQ
1446,003520,영진약품,KOSPI
1447,000670,영풍,KOSPI
1448,036560,영풍정밀,KOSDAQ
1449,006740,영풍제지,KOSPI
1450,012280,영화금속,KOSPI
1451,012160,영흥철강,KOSPI
1452,036000,예림당,KOSDAQ
1453,053280,예스24,KOSDAQ
1454,015360,예스코,KOSPI
1455,900300,오가닉티코스메틱,KOSDAQ
1456,045060,오공,KOSDAQ
1457,080520,오디텍,KOSDAQ
1458,007310,오뚜기,KOSPI
1459,039830,오로라,KOSDAQ
1460,046120,오르비텍,KOSDAQ
1461,014940,오리엔탈정공,KOSDAQ
1462,002630,오리엔트바이오,KOSPI
1463,065500,오리엔트정공,KOSDAQ
1464,001800,오리온,KOSPI
1465,010470,오리콤,KOSDAQ
1466,053980,오상자이엘,KOSDAQ
1467,241790,오션브릿지,KOSDAQ
1468,039200,오스코텍,KOSDAQ
1469,031510,오스템,KOSDAQ
1470,048260,오스템임플란트,KOSDAQ
1471,138080,오이솔루션,KOSDAQ
1472,080580,오킨스전자,KOSDAQ
1473,067170,오텍,KOSDAQ
1474,049480,오픈베이스,KOSDAQ
1475,196450,온다 엔터테인먼트,KOSDAQ
1476,057540,옴니시스템,KOSDAQ
1477,057680,옴니텔,KOSDAQ
1478,123010,옵토팩,KOSDAQ
1479,082210,옵트론텍,KOSDAQ
1480,109080,옵티시스,KOSDAQ
1481,052770,와이디온라인,KOSDAQ
1482,010600,와이비로드,KOSPI
1483,057030,와이비엠넷,KOSDAQ
1484,122990,와이솔,KOSDAQ
1485,232140,와이아이케이,KOSDAQ
1486,067900,와이엔텍,KOSDAQ
1487,155650,와이엠씨,KOSDAQ
1488,193250,와이제이엠게임즈,KOSDAQ
1489,019210,와이지-원,KOSDAQ
1490,122870,와이지엔터테인먼트,KOSDAQ
1491,079000,와토스코리아,KOSDAQ
1492,070960,용평리조트,KOSPI
1493,114630,우노앤컴퍼니,KOSDAQ
1494,032820,우리기술,KOSDAQ
1495,041190,우리기술투자,KOSDAQ
1496,115440,우리넷,KOSDAQ
1497,118000,우리들생명과학,KOSPI
1498,004720,우리들제약,KOSPI
1499,046970,우리로,KOSDAQ
1500,215360,우리산업,KOSDAQ
1501,072470,우리산업홀딩스,KOSDAQ
1502,073560,우리손에프앤지,KOSDAQ
1503,000030,우리은행,KOSPI
1504,153490,우리이앤엘,KOSDAQ
1505,082850,우리이티아이,KOSDAQ
1506,037400,우리조명지주,KOSDAQ
1507,101170,우림기계,KOSDAQ
1508,006980,우성사료,KOSPI
1509,194610,우성아이비,KOSDAQ
1510,066590,우수AMS,KOSDAQ
1511,017370,우신시스템,KOSPI
1512,046940,우원개발,KOSDAQ
1513,215380,우정비에스씨,KOSDAQ
1514,065680,우주일렉트로,KOSDAQ
1515,105840,우진,KOSPI
1516,018620,우진비앤지,KOSDAQ
1517,049800,우진플라임,KOSPI
1518,016880,웅진,KOSPI
1519,095720,웅진씽크빅,KOSPI
1520,103130,웅진에너지,KOSPI
1521,008000,웅진케미칼,KOSPI
1522,005820,원림,KOSPI
1523,032940,원익,KOSDAQ
1524,240810,원익IPS,KOSDAQ
1525,074600,원익QnC,KOSDAQ
1526,104830,원익머트리얼즈,KOSDAQ
1527,030530,원익홀딩스,KOSDAQ
1528,012620,원일특강,KOSDAQ
1529,008370,원풍,KOSDAQ
1530,008290,원풍물산,KOSDAQ
1531,101160,월덱스,KOSDAQ
1532,095270,웨이브일렉트로,KOSDAQ
1533,900130,웨이포트,KOSDAQ
1534,065950,웰크론,KOSDAQ
1535,114190,웰크론강원,KOSDAQ
1536,076080,웰크론한텍,KOSDAQ
1537,196700,웹스,KOSDAQ
1538,069080,웹젠,KOSDAQ
1539,044340,위닉스,KOSDAQ
1540,112040,위메이드,KOSDAQ
1541,038620,위즈코프,KOSDAQ
1542,036090,위지트,KOSDAQ
1543,136540,윈스테크넷,KOSDAQ
1544,097800,윈팩,KOSDAQ
1545,192390,윈하이텍,KOSDAQ
1546,008600,윌비스,KOSPI
1547,033270,유나이티드제약,KOSPI
1548,044480,유니더스,KOSDAQ
1549,014830,유니드,KOSPI
1550,036200,유니셈,KOSDAQ
1551,018000,유니슨,KOSDAQ
1552,000910,유니온,KOSPI
1553,203450,유니온커뮤니티,KOSDAQ
1554,011330,유니켐,KOSPI
1555,077500,유니퀘스트,KOSPI
1556,011320,유니크,KOSDAQ
1557,086390,유니테스트,KOSDAQ
1558,241690,유니테크노,KOSDAQ
1559,142210,유니트론텍,KOSDAQ
1560,048430,유라테크,KOSDAQ
1561,089850,유비벨록스,KOSDAQ
1562,032620,유비케어,KOSDAQ
1563,078070,유비쿼스홀딩스,KOSDAQ
1564,002920,유성기업,KOSPI
1565,024800,유성티엔에스,KOSDAQ
1566,000700,유수홀딩스,KOSPI
1567,054930,유신,KOSDAQ
1568,069330,유아이디,KOSDAQ
1569,049520,유아이엘,KOSDAQ
1570,204620,유안타제1호스팩,KOSDAQ
1571,219960,유안타제2호스팩,KOSDAQ
1572,056090,유앤아이,KOSDAQ
1573,011690,유양디앤유,KOSPI
1574,072130,유엔젤,KOSPI
1575,000220,유유제약,KOSPI
1576,000225,유유제약1우,KOSPI
1577,000227,유유제약2우B,KOSPI
1578,195990,유지인트,KOSDAQ
1579,023410,유진기업,KOSDAQ
1580,056080,유진로봇,KOSDAQ
1581,221200,유진스팩3호,KOSDAQ
1582,215090,유진에이씨피씨스팩2호,KOSDAQ
1583,084370,유진테크,KOSDAQ
1584,001200,유진투자증권,KOSPI
1585,178780,유테크,KOSDAQ
1586,000100,유한양행,KOSPI
1587,000105,유한양행우,KOSPI
1588,003460,유화증권,KOSPI
1589,003465,유화증권우,KOSPI
1590,191410,육일씨엔에쓰,KOSDAQ
1591,008730,율촌화학,KOSPI
1592,044960,이-글 벳,KOSDAQ
1593,008250,이건산업,KOSPI
1594,039020,이건홀딩스,KOSDAQ
1595,025820,이구산업,KOSPI
1596,060230,이그잭스,KOSDAQ
1597,067920,이글루시큐리티,KOSDAQ
1598,214320,이노션,KOSPI
1599,073490,이노와이어리스,KOSDAQ
1600,088390,이녹스,KOSDAQ
1601,053350,이니텍,KOSDAQ
1602,033110,이디,KOSDAQ
1603,041520,이라이콤,KOSDAQ
1604,054210,이랜텍,KOSDAQ
1605,065440,이루온,KOSDAQ
1606,139480,이마트,KOSPI
1607,036260,이매진아시아,KOSDAQ
1608,115610,이미지스,KOSDAQ
1609,225440,이베스트스팩3호,KOSDAQ
1610,078020,이베스트투자증권,KOSDAQ
1611,080010,이상네트웍스,KOSDAQ
1612,086890,이수앱지스,KOSDAQ
1613,007660,이수페타시스,KOSPI
1614,005950,이수화학,KOSPI
1615,015020,이스타코,KOSPI
1616,047560,이스트소프트,KOSDAQ
1617,900110,이스트아시아홀딩스,KOSDAQ
1618,067010,이씨에스,KOSDAQ
1619,093230,이아이디,KOSPI
1620,223310,이에스브이,KOSDAQ
1621,052190,이에스에이,KOSDAQ
1622,074610,이엔쓰리,KOSPI
1623,102710,이엔에프테크놀로지,KOSDAQ
1624,094190,이엘케이,KOSDAQ
1625,123570,이엠넷,KOSDAQ
1626,095190,이엠코리아,KOSDAQ
1627,091120,이엠텍,KOSDAQ
1628,102460,이연제약,KOSPI
1629,039030,이오테크닉스,KOSDAQ
1630,088290,이원컴포텍,KOSDAQ
1631,084680,이월드,KOSPI
1632,033600,이젠텍,KOSDAQ
1633,035810,이지바이오,KOSDAQ
1634,090850,이지웰페어,KOSDAQ
1635,092130,이크레더블,KOSDAQ
1636,016250,이테크건설,KOSDAQ
1637,134060,이퓨쳐,KOSDAQ
1638,001840,이화공영,KOSDAQ
1639,000760,이화산업,KOSPI
1640,014990,인디에프,KOSPI
1641,079950,인베니아,KOSDAQ
1642,060150,인선이엔티,KOSDAQ
1643,033230,인성정보,KOSDAQ
1644,006490,인스코비,KOSPI
1645,037330,인지디스플레,KOSDAQ
1646,023800,인지컨트롤스,KOSPI
1647,034590,인천도시가스,KOSPI
1648,083640,인콘,KOSDAQ
1649,216050,인크로스,KOSDAQ
1650,049070,인탑스,KOSDAQ
1651,119610,인터로조,KOSDAQ
1652,158310,인터불스,KOSDAQ
1653,017250,인터엠,KOSDAQ
1654,129260,인터지스,KOSPI
1655,108790,인터파크,KOSDAQ
1656,035080,인터파크홀딩스,KOSDAQ
1657,051370,인터플렉스,KOSDAQ
1658,064290,인텍플러스,KOSDAQ
1659,189300,인텔리안테크,KOSDAQ
1660,150840,인트로메딕,KOSDAQ
1661,048530,인트론바이오,KOSDAQ
1662,023810,인팩,KOSPI
1663,175140,인포마크,KOSDAQ
1664,115310,인포바인,KOSDAQ
1665,039290,인포뱅크,KOSDAQ
1666,041020,인프라웨어,KOSDAQ
1667,071200,인피니트헬스케어,KOSDAQ
1668,101930,인화정공,KOSDAQ
1669,078940,일경산업개발,KOSDAQ
1670,249420,일동제약,KOSPI
1671,000230,일동홀딩스,KOSPI
1672,013360,일성건설,KOSPI
1673,013367,일성건설2우B,KOSPI
1674,003120,일성신약,KOSPI
1675,068330,일신바이오,KOSDAQ
1676,003200,일신방직,KOSPI
1677,007110,일신석재,KOSPI
1678,058450,일야,KOSDAQ
1679,007570,일양약품,KOSPI
1680,007575,일양약품우,KOSPI
1681,008500,일정실업,KOSPI
1682,019540,일지테크,KOSDAQ
1683,081000,일진다이아,KOSPI
1684,020760,일진디스플,KOSPI
1685,020150,일진머티리얼즈,KOSPI
1686,094820,일진에너지,KOSDAQ
1687,103590,일진전기,KOSPI
1688,015860,일진홀딩스,KOSPI
1689,226320,잇츠스킨,KOSPI
1690,950140,잉글우드랩(Reg.S),KOSDAQ
1691,049550,잉크테크,KOSDAQ
1692,043910,자연과환경,KOSDAQ
1693,234920,자이글,KOSDAQ
1694,033240,자화전자,KOSPI
1695,174880,장원테크,KOSDAQ
1696,049630,재영솔루텍,KOSDAQ
1697,000950,전방,KOSPI
1698,065530,전파기지국,KOSDAQ
1699,208140,정다운,KOSDAQ
1700,022220,정산애강,KOSDAQ
1701,040420,정상제이엘에스,KOSDAQ
1702,045510,정원엔시스,KOSDAQ
1703,217190,제너셈,KOSDAQ
1704,095700,제넥신,KOSDAQ
1705,187420,제노포커스,KOSDAQ
1706,123330,제닉,KOSDAQ
1707,159580,제로투세븐,KOSDAQ
1708,147830,제룡산업,KOSDAQ
1709,033100,제룡전기,KOSDAQ
1710,019570,제미니투자,KOSDAQ
1711,079370,제우스,KOSDAQ
1712,054950,제이브이엠,KOSDAQ
1713,090470,제이스텍,KOSDAQ
1714,137950,제이씨케미칼,KOSDAQ
1715,033320,제이씨현,KOSDAQ
1716,194370,제이에스코퍼레이션,KOSPI
1717,026040,제이에스티나,KOSDAQ
1718,126880,제이엔케이히터,KOSDAQ
1719,033050,제이엠아이,KOSDAQ
1720,094970,제이엠티,KOSDAQ
1721,036420,제이콘텐트리,KOSDAQ
1722,089790,제이티,KOSDAQ
1723,030000,제일기획,KOSPI
1724,052670,제일바이오,KOSDAQ
1725,002620,제일약품,KOSPI
1726,001560,제일연마,KOSPI
1727,038010,제일테크노스,KOSDAQ
1728,080220,제주반도체,KOSDAQ
1729,006220,제주은행,KOSPI
1730,089590,제주항공,KOSPI
1731,082270,젬백스,KOSDAQ
1732,044060,조광ILI,KOSDAQ
1733,004910,조광페인트,KOSPI
1734,004700,조광피혁,KOSPI
1735,001550,조비,KOSPI
1736,000480,조선내화,KOSPI
1737,120030,조선선재,KOSPI
1738,034940,조아제약,KOSDAQ
1739,101730,조이맥스,KOSDAQ
1740,067000,조이시티,KOSDAQ
1741,018470,조일알미늄,KOSPI
1742,002600,조흥,KOSPI
1743,001630,종근당,KOSPI
1744,185750,종근당,KOSPI
1745,063160,종근당바이오,KOSPI
1746,033340,좋은사람들,KOSDAQ
1747,036930,주성엔지니어링,KOSDAQ
1748,044380,주연테크,KOSPI
1749,072020,중앙백신,KOSDAQ
1750,000440,중앙에너비스,KOSDAQ
1751,054180,중앙오션,KOSDAQ
1752,043610,지니뮤직,KOSDAQ
1753,155960,지디,KOSDAQ
1754,208350,지란지교시큐리티,KOSDAQ
1755,051160,지어소프트,KOSDAQ
1756,053050,지에스이,KOSDAQ
1757,119850,지엔씨에너지,KOSDAQ
1758,065060,지엔코,KOSDAQ
1759,204840,지엘팜텍,KOSDAQ
1760,013870,지엠비코리아,KOSPI
1761,018290,지엠피,KOSDAQ
1762,071320,지역난방공사,KOSPI
1763,010580,지코,KOSPI
1764,035000,지투알,KOSPI
1765,088790,진도,KOSPI
1766,018120,진로발효,KOSDAQ
1767,109820,진매트릭스,KOSDAQ
1768,086060,진바이오텍,KOSDAQ
1769,036890,진성티이씨,KOSDAQ
1770,003780,진양산업,KOSPI
1771,007370,진양제약,KOSDAQ
1772,010640,진양폴리,KOSPI
1773,100250,진양홀딩스,KOSPI
1774,051630,진양화학,KOSPI
1775,002780,진흥기업,KOSPI
1776,002787,진흥기업2우B,KOSPI
1777,002785,진흥기업우B,KOSPI
1778,085660,차바이오앤,KOSDAQ
1779,900040,차이나그레이트,KOSDAQ
1780,900120,차이나킹,KOSDAQ
1781,900090,차이나하오란,KOSDAQ
1782,009310,참엔지니어링,KOSPI
1783,094850,참좋은레져,KOSDAQ
1784,004650,창해에탄올,KOSDAQ
1785,111820,처음앤씨,KOSDAQ
1786,000650,천일고속,KOSPI
1787,096240,청담러닝,KOSDAQ
1788,013720,청보산업,KOSDAQ
1789,012600,청호컴넷,KOSPI
1790,033250,체시스,KOSPI
1791,047820,초록뱀,KOSDAQ
1792,094360,칩스앤미디어,KOSDAQ
1793,035720,카카오,KOSDAQ
1794,006380,카프로,KOSPI
1795,071850,캐스텍코리아,KOSDAQ
1796,050110,캠시스,KOSDAQ
1797,078340,컴투스,KOSDAQ
1798,214370,케어젠,KOSDAQ
1799,221980,케이디켐,KOSDAQ
1800,043290,케이맥,KOSDAQ
1801,131370,케이비게임앤앱스스팩,KOSDAQ
1802,221950,케이비드림3호스팩,KOSDAQ
1803,226360,케이비드림4호스팩,KOSDAQ
1804,222390,케이비제8호스팩,KOSDAQ
1805,232270,케이비제9호스팩,KOSDAQ
1806,115500,케이씨에스,KOSDAQ
1807,029460,케이씨텍,KOSPI
1808,089150,케이씨티,KOSDAQ
1809,025880,케이씨피드,KOSDAQ
1810,093320,케이아이엔엑스,KOSDAQ
1811,105330,케이엔더블유,KOSDAQ
1812,039420,케이엘넷,KOSDAQ
1813,083550,케이엠,KOSDAQ
1814,032500,케이엠더블유,KOSDAQ
1815,145270,케이탑리츠,KOSPI
1816,204650,케이티비스팩1호,KOSDAQ
1817,214150,케이티비스팩2호,KOSDAQ
1818,058860,케이티스,KOSPI
1819,064820,케이프,KOSDAQ
1820,220260,케이프이에스스팩,KOSDAQ
1821,024880,케이피에프,KOSDAQ
1822,054410,케이피티,KOSDAQ
1823,217600,켐온,KOSDAQ
1824,089010,켐트로닉스,KOSDAQ
1825,052400,코나아이,KOSDAQ
1826,046070,코다코,KOSDAQ
1827,080530,코디,KOSDAQ
1828,224060,코디엠,KOSDAQ
1829,900140,코라오홀딩스,KOSPI
1830,078650,코렌,KOSDAQ
1831,104540,코렌텍,KOSDAQ
1832,091000,코리아04호,KOSPI
1833,027050,코리아나,KOSDAQ
1834,007815,코리아써우,KOSPI
1835,007810,코리아써키트,KOSPI
1836,00781K,코리아써키트2우B,KOSPI
1837,101670,코리아에스이,KOSDAQ
1838,123410,코리아에프티,KOSDAQ
1839,152330,코리아오토글라스,KOSPI
1840,003690,코리안리,KOSPI
1841,036690,코맥스,KOSDAQ
1842,049430,코메론,KOSDAQ
1843,059090,코미코,KOSDAQ
1844,041960,코미팜,KOSDAQ
1845,192820,코스맥스,KOSPI
1846,044820,코스맥스,KOSPI
1847,241710,코스메카코리아,KOSDAQ
1848,005070,코스모신소재,KOSPI
1849,005420,코스모화학,KOSPI
1850,069110,코스온,KOSDAQ
1851,071950,코아스,KOSPI
1852,166480,코아스템,KOSDAQ
1853,045970,코아시아홀딩스,KOSDAQ
1854,029960,코엔텍,KOSDAQ
1855,002020,코오롱,KOSPI
1856,003070,코오롱글로벌,KOSPI
1857,003075,코오롱글로벌우,KOSPI
1858,144620,코오롱머티리얼,KOSPI
1859,102940,코오롱생명과학,KOSDAQ
1860,002025,코오롱우,KOSPI
1861,120110,코오롱인더,KOSPI
1862,120115,코오롱인더우,KOSPI
1863,138490,코오롱플라스틱,KOSPI
1864,021240,코웨이,KOSPI
1865,033290,코웰패션,KOSDAQ
1866,056360,코위버,KOSDAQ
1867,121850,코이즈,KOSDAQ
1868,015710,코콤,KOSDAQ
1869,052330,코텍,KOSDAQ
1870,126600,코프라,KOSDAQ
1871,200130,콜마비앤에이치,KOSDAQ
1872,031820,콤텍시스템,KOSPI
1873,225650,쿠첸,KOSDAQ
1874,192400,쿠쿠전자,KOSPI
1875,060280,큐렉소,KOSDAQ
1876,040350,큐로컴,KOSDAQ
1877,051780,큐로홀딩스,KOSDAQ
1878,115180,큐리언트,KOSDAQ
1879,066310,큐에스아이,KOSDAQ
1880,016600,큐캐피탈,KOSDAQ
1881,005740,크라운해태홀딩스,KOSPI
1882,005745,크라운해태홀딩스우,KOSPI
1883,058530,크레아플래닛,KOSDAQ
1884,043590,크로바하이텍,KOSDAQ
1885,082660,크루셜엠스,KOSDAQ
1886,114120,크루셜텍,KOSDAQ
1887,083790,크리스탈,KOSDAQ
1888,900250,크리스탈신소재,KOSDAQ
1889,045520,크린앤사이언스,KOSDAQ
1890,237880,클리오,KOSDAQ
1891,123840,키움스팩1호,KOSDAQ
1892,218710,키움스팩3호,KOSDAQ
1893,226850,키움스팩4호,KOSDAQ
1894,039490,키움증권,KOSPI
1895,012170,키위미디어그룹,KOSPI
1896,054780,키이스트,KOSDAQ
1897,219130,타이거일렉,KOSDAQ
1898,065130,탑엔지니어링,KOSDAQ
1899,015890,태경산업,KOSPI
1900,006890,태경화학,KOSPI
1901,023160,태광,KOSDAQ
1902,003240,태광산업,KOSPI
1903,011280,태림포장,KOSPI
1904,053620,태양,KOSDAQ
1905,004100,태양금속,KOSPI
1906,004105,태양금속우,KOSPI
1907,072520,태양씨앤엘,KOSDAQ
1908,009410,태영건설,KOSPI
1909,009415,태영건설우,KOSPI
1910,044490,태웅,KOSDAQ
1911,001420,태원물산,KOSPI
1912,007980,태평양물산,KOSPI
1913,191420,테고사이언스,KOSDAQ
1914,123100,테라세미콘,KOSDAQ
1915,182690,테라셈,KOSDAQ
1916,066700,테라젠이텍스,KOSDAQ
1917,095610,테스,KOSDAQ
1918,131970,테스나,KOSDAQ
1919,089030,테크윙,KOSDAQ
1920,038540,텍셀네트컴,KOSDAQ
1921,054450,텔레칩스,KOSDAQ
1922,091440,텔레필드,KOSDAQ
1923,078000,텔코웨어,KOSPI
1924,200230,텔콘,KOSDAQ
1925,214420,토니모리,KOSPI
1926,215480,토박스코리아,KOSDAQ
1927,051360,토비스,KOSDAQ
1928,045340,토탈소프트,KOSDAQ
1929,057880,토필드,KOSDAQ
1930,108230,톱텍,KOSDAQ
1931,079970,투비소프트,KOSDAQ
1932,066410,투윈글로벌,KOSDAQ
1933,015540,트랜스더멀아시아홀딩스,KOSPI
1934,140890,트러스제7호,KOSPI
1935,052290,트레이스,KOSDAQ
1936,026150,특수건설,KOSDAQ
1937,033830,티비씨,KOSDAQ
1938,064760,티씨케이,KOSDAQ
1939,131290,티에스이,KOSDAQ
1940,246690,티에스인베스트먼트,KOSDAQ
1941,019180,티에이치엔,KOSPI
1942,062860,티엘아이,KOSDAQ
1943,004870,티웨이홀딩스,KOSPI
1944,104480,티케이케미칼,KOSDAQ
1945,081150,티플랙스,KOSDAQ
1946,130740,티피씨글로벌,KOSDAQ
1947,134790,팀스,KOSPI
1948,084730,팅크웨어,KOSDAQ
1949,046210,파나진,KOSDAQ
1950,034230,파라다이스,KOSDAQ
1951,033540,파라텍,KOSDAQ
1952,043200,파루,KOSDAQ
1953,214450,파마리서치프로덕트,KOSDAQ
1954,005690,파미셀,KOSPI
1955,177830,파버나인,KOSDAQ
1956,037070,파세코,KOSDAQ
1957,150900,파수닷컴,KOSDAQ
1958,152870,파워 200,ETF
1959,192720,파워 고배당저변동성,ETF
1960,226810,파워 단기채,ETF
1961,176710,파워 중기국고채,ETF
1962,140950,파워 코스피100,ETF
1963,047310,파워로직스,KOSDAQ
1964,049120,파인디앤씨,KOSDAQ
1965,038950,파인디지털,KOSDAQ
1966,106240,파인테크닉스,KOSDAQ
1967,131760,파인텍,KOSDAQ
1968,140860,파크시스템스,KOSDAQ
1969,091700,파트론,KOSDAQ
1970,194510,파티게임즈,KOSDAQ
1971,038160,팍스넷,KOSDAQ
1972,043090,팜스웰바이오,KOSDAQ
1973,036580,팜스코,KOSPI
1974,027710,팜스토리,KOSDAQ
1975,054300,팬스타엔터프라이즈,KOSDAQ
1976,068050,팬엔터테인먼트,KOSDAQ
1977,222110,팬젠,KOSDAQ
1978,010820,퍼스텍,KOSPI
1979,016800,퍼시스,KOSPI
1980,001020,페이퍼코리아,KOSPI
1981,087010,펩트론,KOSDAQ
1982,090080,평화산업,KOSPI
1983,043370,평화정공,KOSDAQ
1984,010770,평화홀딩스,KOSPI
1985,119500,포메탈,KOSDAQ
1986,016670,포비스티앤씨,KOSDAQ
1987,022100,포스코 ICT,KOSDAQ
1988,058430,포스코강판,KOSPI
1989,047050,포스코대우,KOSPI
1990,009520,포스코엠텍,KOSDAQ
1991,003670,포스코켐텍,KOSDAQ
1992,189690,포시에스,KOSDAQ
1993,141020,포티스,KOSDAQ
1994,039230,폭스브레인,KOSDAQ
1995,005670,푸드웰,KOSDAQ
1996,094940,푸른기술,KOSDAQ
1997,007330,푸른저축은행,KOSDAQ
1998,017810,풀무원홀딩스,KOSPI
1999,093380,풍강,KOSDAQ
2000,023900,풍국주정,KOSDAQ
2001,103140,풍산,KOSPI
2002,005810,풍산홀딩스,KOSPI
2003,220100,퓨쳐켐,KOSDAQ
2004,035200,프럼파스트,KOSDAQ
2005,203690,프로스테믹스,KOSDAQ
2006,053610,프로텍,KOSDAQ
2007,073570,프롬써어티,KOSDAQ
2008,053160,프리엠스,KOSDAQ
2009,075130,플랜티넷,KOSDAQ
2010,032580,피델릭스,KOSDAQ
2011,051380,피씨디렉트,KOSDAQ
2012,237750,피앤씨테크,KOSDAQ
2013,131390,피앤이솔루션,KOSDAQ
2014,024850,피에스엠씨,KOSDAQ
2015,031980,피에스케이,KOSDAQ
2016,002230,피에스텍,KOSDAQ
2017,137400,피엔티,KOSDAQ
2018,128660,피제이메탈,KOSDAQ
2019,006140,피제이전자,KOSDAQ
2020,087600,픽셀플러스,KOSDAQ
2021,033180,필룩스,KOSPI
2022,064800,필링크,KOSDAQ
2023,123420,하나그린스팩,KOSDAQ
2024,230240,하나금융7호스팩,KOSDAQ
2025,086790,하나금융지주,KOSPI
2026,099340,하나니켈1호,KOSPI
2027,099350,하나니켈2호,KOSPI
2028,067310,하나마이크론,KOSDAQ
2029,208870,하나머스트3호스팩,KOSDAQ
2030,215100,하나머스트4호스팩,KOSDAQ
2031,218150,하나머스트5호스팩,KOSDAQ
2032,039130,하나투어,KOSPI
2033,136480,하림,KOSDAQ
2034,024660,하림홀딩스,KOSDAQ
2035,139200,하이골드2호,KOSPI
2036,153360,하이골드3호,KOSPI
2037,159650,하이골드8호,KOSPI
2038,149980,하이로닉,KOSDAQ
2039,013030,하이록코리아,KOSDAQ
2040,126700,하이비젼시스템,KOSDAQ
2041,200470,하이셈,KOSDAQ
2042,106080,하이소닉,KOSDAQ
2043,071090,하이스틸,KOSPI
2044,235010,하이에이아이1호스팩,KOSDAQ
2045,131030,하이제1호스팩,KOSDAQ
2046,205470,하이제2호스팩,KOSDAQ
2047,217500,하이제3호스팩,KOSDAQ
2048,221840,하이즈항공,KOSDAQ
2049,106190,하이텍팜,KOSDAQ
2050,019490,하이트론,KOSPI
2051,000080,하이트진로,KOSPI
2052,000087,하이트진로2우B,KOSPI
2053,000140,하이트진로홀딩스,KOSPI
2054,000145,하이트진로홀딩스우,KOSPI
2055,066130,하츠,KOSDAQ
2056,219550,한강인터트레이드,KOSDAQ
2057,152550,한국ANKOR유전,KOSPI
2058,004590,한국가구,KOSDAQ
2059,036460,한국가스공사,KOSPI
2060,039340,한국경제TV,KOSDAQ
2061,005430,한국공항,KOSPI
2062,071050,한국금융지주,KOSPI
2063,071055,한국금융지주우,KOSPI
2064,034950,한국기업평가,KOSDAQ
2065,010040,한국내화,KOSPI
2066,025540,한국단자,KOSPI
2067,222980,한국맥널티,KOSDAQ
2068,004090,한국석유,KOSPI
2069,025550,한국선재,KOSDAQ
2070,002960,한국쉘석유,KOSPI
2071,017890,한국알콜,KOSDAQ
2072,002000,한국유리,KOSPI
2073,002005,한국유리우,KOSPI
2074,123890,한국자산신탁,KOSPI
2075,015760,한국전력,KOSPI
2076,063570,한국전자금융,KOSDAQ
2077,041460,한국전자인증,KOSDAQ
2078,006200,한국전자홀딩스,KOSPI
2079,101680,한국정밀기계,KOSDAQ
2080,039740,한국정보공학,KOSDAQ
2081,053300,한국정보인증,KOSDAQ
2082,025770,한국정보통신,KOSDAQ
2083,002300,한국제지,KOSPI
2084,023350,한국종합기술,KOSPI
2085,025890,한국주강,KOSPI
2086,000970,한국주철관,KOSPI
2087,104700,한국철강,KOSPI
2088,017960,한국카본,KOSPI
2089,023760,한국캐피탈,KOSDAQ
2090,054040,한국컴퓨터,KOSDAQ
2091,050540,한국코퍼레이션,KOSDAQ
2092,161890,한국콜마,KOSPI
2093,024720,한국콜마홀딩스,KOSPI
2094,021650,한국큐빅,KOSDAQ
2095,161390,한국타이어,KOSPI
2096,000240,한국타이어월드와이드,KOSPI
2097,053590,한국테크놀로지,KOSDAQ
2098,034830,한국토지신탁,KOSDAQ
2099,168490,한국패러랠,KOSPI
2100,037230,한국팩키지,KOSDAQ
2101,010100,한국프랜지,KOSPI
2102,047810,한국항공우주,KOSPI
2103,123690,한국화장품,KOSPI
2104,003350,한국화장품제조,KOSPI
2105,030520,한글과컴퓨터,KOSDAQ
2106,052600,한네트,KOSDAQ
2107,011500,한농화성,KOSPI
2108,002390,한독약품,KOSPI
2109,092460,한라IMS,KOSDAQ
2110,014790,한라건설,KOSPI
2111,053690,한미글로벌,KOSPI
2112,042700,한미반도체,KOSPI
2113,008930,한미사이언스,KOSPI
2114,128940,한미약품,KOSPI
2115,047080,한빛소프트,KOSDAQ
2116,009240,한샘,KOSPI
2117,020000,한섬,KOSPI
2118,003680,한성기업,KOSPI
2119,037950,한성엘컴텍,KOSDAQ
2120,105630,한세실업,KOSPI
2121,016450,한세예스24홀딩스,KOSPI
2122,009180,한솔CSN,KOSPI
2123,010420,한솔PNS,KOSPI
2124,070300,한솔시큐어,KOSDAQ
2125,099660,한솔신텍,KOSDAQ
2126,221610,한솔씨앤피,KOSDAQ
2127,007190,한솔아트원제지,KOSPI
2128,007197,한솔아트원제지2우B,KOSPI
2129,070590,한솔인티큐브,KOSDAQ
2130,213500,한솔제지,KOSPI
2131,014680,한솔케미칼,KOSPI
2132,004710,한솔테크닉스,KOSPI
2133,004150,한솔홀딩스,KOSPI
2134,025750,한솔홈데코,KOSPI
2135,042520,한스바이오메드,KOSDAQ
2136,004960,한신공영,KOSPI
2137,011700,한신기계,KOSPI
2138,078350,한양디지텍,KOSDAQ
2139,045100,한양이엔지,KOSDAQ
2140,001750,한양증권,KOSPI
2141,001755,한양증권우,KOSPI
2142,018880,한온시스템,KOSPI
2143,009420,한올바이오파마,KOSPI
2144,014130,한익스프레스,KOSPI
2145,046110,한일네트웍스,KOSDAQ
2146,024740,한일단조,KOSDAQ
2147,005860,한일사료,KOSDAQ
2148,003300,한일시멘트,KOSPI
2149,007860,한일이화,KOSPI
2150,002220,한일철강,KOSPI
2151,007770,한일화학,KOSDAQ
2152,051600,한전KPS,KOSPI
2153,052690,한전기술,KOSPI
2154,130660,한전산업,KOSPI
2155,002320,한진,KOSPI
2156,097230,한진중공업,KOSPI
2157,003480,한진중공업홀딩스,KOSPI
2158,180640,한진칼,KOSPI
2159,18064K,한진칼우,KOSPI
2160,061460,한진피앤씨,KOSDAQ
2161,005110,한창,KOSPI
2162,079170,한창산업,KOSDAQ
2163,009460,한창제지,KOSPI
2164,054920,한컴시큐어,KOSDAQ
2165,077280,한컴지엠디,KOSDAQ
2166,002680,한탑,KOSDAQ
2167,066110,한프,KOSDAQ
2168,000880,한화,KOSPI
2169,00088K,한화3우B,KOSPI
2170,217620,한화ACPC스팩,KOSDAQ
2171,088350,한화생명,KOSPI
2172,000370,한화손해보험,KOSPI
2173,219860,한화에이스스팩2호,KOSDAQ
2174,000885,한화우,KOSPI
2175,009830,한화케미칼,KOSPI
2176,009835,한화케미칼우,KOSPI
2177,027390,한화타임월드,KOSPI
2178,012450,한화테크윈,KOSPI
2179,003530,한화투자증권,KOSPI
2180,003535,한화투자증권우,KOSPI
2181,102210,해덕파워웨이,KOSDAQ
2182,220630,해마로푸드서비스,KOSDAQ
2183,195870,해성디에스,KOSPI
2184,034810,해성산업,KOSDAQ
2185,076610,해성옵틱스,KOSDAQ
2186,101530,해태제과식품,KOSPI
2187,220180,핸디소프트,KOSDAQ
2188,143210,핸즈코퍼레이션,KOSPI
2189,008800,행남생활건강,KOSDAQ
2190,900270,헝셩그룹,KOSDAQ
2191,089470,현대EP,KOSPI
2192,000720,현대건설,KOSPI
2193,000725,현대건설우,KOSPI
2194,170030,현대공업,KOSDAQ
2195,005440,현대그린푸드,KOSPI
2196,086280,현대글로비스,KOSPI
2197,064350,현대로템,KOSPI
2198,012330,현대모비스,KOSPI
2199,010620,현대미포조선,KOSPI
2200,069960,현대백화점,KOSPI
2201,004560,현대비앤지스틸,KOSPI
2202,004565,현대비앤지스틸우,KOSPI
2203,012630,현대산업,KOSPI
2204,011760,현대상사,KOSPI
2205,011200,현대상선,KOSPI
2206,048410,현대아이비티,KOSDAQ
2207,004310,현대약품,KOSPI
2208,204760,현대에이블스팩1호,KOSDAQ
2209,126560,현대에이치씨엔,KOSPI
2210,017800,현대엘리베이,KOSPI
2211,011210,현대위아,KOSPI
2212,026180,현대정보기술,KOSDAQ
2213,004020,현대제철,KOSPI
2214,009540,현대중공업,KOSPI
2215,005380,현대차,KOSPI
2216,005387,현대차2우B,KOSPI
2217,005389,현대차3우B,KOSPI
2218,005385,현대차우,KOSPI
2219,227840,현대코퍼레이션홀딩스,KOSPI
2220,039010,현대통신,KOSDAQ
2221,001450,현대해상,KOSPI
2222,057050,현대홈쇼핑,KOSPI
2223,204990,현성바이탈,KOSDAQ
2224,092300,현우산업,KOSDAQ
2225,011080,형지I&C,KOSDAQ
2226,093240,형지엘리트,KOSPI
2227,003010,혜인,KOSPI
2228,008770,호텔신라,KOSPI
2229,008775,호텔신라우,KOSPI
2230,060560,홈센타홀딩스,KOSDAQ
2231,064240,홈캐스트,KOSDAQ
2232,039610,화성,KOSDAQ
2233,002460,화성산업,KOSPI
2234,013520,화승알앤에이,KOSPI
2235,241590,화승엔터프라이즈,KOSPI
2236,006060,화승인더,KOSPI
2237,010690,화신,KOSPI
2238,126640,화신정공,KOSDAQ
2239,086250,화신테크,KOSDAQ
2240,204630,화이브라더스,KOSDAQ
2241,133820,화인베스틸,KOSPI
2242,061250,화일약품,KOSDAQ
2243,134780,화진,KOSDAQ
2244,010660,화천기계,KOSPI
2245,000850,화천기공,KOSPI
2246,016580,환인제약,KOSPI
2247,032560,황금에스티,KOSPI
2248,004800,효성,KOSPI
2249,094280,효성ITX,KOSPI
2250,097870,효성오앤비,KOSDAQ
2251,014190,후너스,KOSDAQ
2252,093370,후성,KOSPI
2253,050090,휘닉스소재,KOSDAQ
2254,081660,휠라코리아,KOSPI
2255,005870,휴니드,KOSPI
2256,115160,휴맥스,KOSDAQ
2257,028080,휴맥스홀딩스,KOSDAQ
2258,200670,휴메딕스,KOSDAQ
2259,079980,휴비스,KOSPI
2260,065510,휴비츠,KOSDAQ
2261,005010,휴스틸,KOSPI
2262,243070,휴온스,KOSDAQ
2263,084110,휴온스글로벌,KOSDAQ
2264,145020,휴젤,KOSDAQ
2265,069260,휴켐스,KOSPI
2266,024060,흥구석유,KOSDAQ
2267,010240,흥국,KOSDAQ
2268,189980,흥국에프엔비,KOSDAQ
2269,000540,흥국화재,KOSPI
2270,000547,흥국화재2우B,KOSPI
2271,000545,흥국화재우,KOSPI
2272,003280,흥아해운,KOSPI
2273,037440,희림,KOSDAQ
